userId,productId,Rating
A5JLAU2ARJ0BO,1400532655,1.0
A2AEZQ3DGBBLPR,B000000O48,5.0
A2R6RA8FRBS608,B000001OL6,4.0
A11D1KHM7DVOQK,B000001OMN,2.0
A6FIAB28IS79,B00000J05A,3.0
A1RPTVW5VEOSI,B00000J061,5.0
A7Y6AVS576M03,B00000J0E8,5.0
A2AEZQ3DGBBLPR,B00000J1E6,1.0
A2R6RA8FRBS608,B00000J1EP,4.0
A11D1KHM7DVOQK,B00000J1G6,1.0
AKT8TGIT6VVZ5,B00000J1TX,5.0
A6FIAB28IS79,B00000J1UQ,5.0
A231WM2Z2JL0U3,B00000J1US,5.0
A2B7BUH8834Y6M,B00000J1UU,5.0
A2B7BUH8834Y6M,B00000J3II,5.0
A2AEZQ3DGBBLPR,B00000J3NG,5.0
A1MJMYLRTZ76ZX,B00000J434,4.0
A2AEZQ3DGBBLPR,B00000J49I,2.0
A6FIAB28IS79,B00000J4CY,3.0
AT2J7H5TRZM8Z,B00000J4FS,5.0
A2R6RA8FRBS608,B00000J4IX,4.0
A231WM2Z2JL0U3,B00000J570,4.0
A11D1KHM7DVOQK,B00000J9Z7,4.0
A149RNR5RH19YY,B00000JBAM,5.0
A1RPTVW5VEOSI,B00000JBIA,1.0
A1MJMYLRTZ76ZX,B00000JBUI,4.0
A11D1KHM7DVOQK,B00000JBYW,1.0
A11D1KHM7DVOQK,B00000JCTD,4.0
A1F9Z42CFF9IAY,B00000JDGO,5.0
A7Y6AVS576M03,B00000JFDW,4.0
A231WM2Z2JL0U3,B00000JFJA,3.0
A2AEZQ3DGBBLPR,B00000JFMK,4.0
A2B7BUH8834Y6M,B00000JFOF,5.0
A3OXHLG6DIBRW8,B00000JHX1,4.0
A3OXHLG6DIBRW8,B00000JLSJ,5.0
A231WM2Z2JL0U3,B00000JSGF,4.0
A12DLJESJKM1OQ,B00000JXV3,4.0
A2B7BUH8834Y6M,B00000K0KJ,4.0
A2B7BUH8834Y6M,B00000K1SF,1.0
A1RPTVW5VEOSI,B00000K3RI,3.0
A1RPTVW5VEOSI,B00000K3RO,4.0
A231WM2Z2JL0U3,B00000K4KH,5.0
A2B7BUH8834Y6M,B00000K4KU,5.0
A149RNR5RH19YY,B00001OPJ1,4.0
A2AEZQ3DGBBLPR,B00001OPK2,5.0
A231WM2Z2JL0U3,B00001OPK8,4.0
A7Y6AVS576M03,B00001OWYM,5.0
A11D1KHM7DVOQK,B00001P3XM,4.0
A6FIAB28IS79,B00001P4X5,3.0
A149RNR5RH19YY,B00001P4ZH,5.0
A6FIAB28IS79,B00001P4ZH,3.0
A2CL818RN52NWN,B00001P57V,5.0
A1MJMYLRTZ76ZX,B00001QEMF,5.0
A1RPTVW5VEOSI,B00001QHP5,5.0
A11D1KHM7DVOQK,B00001W0D4,4.0
A7Y6AVS576M03,B00001W0DI,5.0
A6FIAB28IS79,B00001W0DI,5.0
A1F9Z42CFF9IAY,B00001WRSJ,2.0
A7Y6AVS576M03,B00001X5AZ,5.0
A2BGZ52M908MJY,B00001XE0L,5.0
A7Y6AVS576M03,B00001YVG4,5.0
A231WM2Z2JL0U3,B00001YVG4,5.0
A2R6RA8FRBS608,B00001ZT4H,4.0
A1RPTVW5VEOSI,B00001ZUNQ,4.0
A2B7BUH8834Y6M,B00001ZWPF,4.0
A11D1KHM7DVOQK,B00001ZWRV,3.0
A7Y6AVS576M03,B0000206DP,5.0
AKT8TGIT6VVZ5,B000021YU8,5.0
A1MJMYLRTZ76ZX,B000021YU8,5.0
A1MJMYLRTZ76ZX,B000021YUO,5.0
A231WM2Z2JL0U3,B000021YUO,5.0
A231WM2Z2JL0U3,B000023VUL,5.0
A6FIAB28IS79,B000023VUL,2.0
A3OXHLG6DIBRW8,B000026D8E,2.0
A231WM2Z2JL0U3,B000028F42,5.0
A2B7BUH8834Y6M,B0000296HA,1.0
A149RNR5RH19YY,B00002EQCS,4.0
AGHZXQL9F94T9,B00002EQD2,5.0
A203OCQQ12MAVT,B00002NAXD,5.0
A231WM2Z2JL0U3,B00002SWHH,3.0
A3OXHLG6DIBRW8,B00003006E,5.0
A149RNR5RH19YY,B00003006E,5.0
A5JLAU2ARJ0BO,B00003006R,5.0
A2CL818RN52NWN,B0000300EC,5.0
A231WM2Z2JL0U3,B0000304ZO,5.0
AT2J7H5TRZM8Z,B000031KIM,5.0
A1MJMYLRTZ76ZX,B000031KIM,5.0
A3OXHLG6DIBRW8,B000031WDA,3.0
A2AEZQ3DGBBLPR,B0000326O1,4.0
A2BGZ52M908MJY,B0000365CI,2.0
A231WM2Z2JL0U3,B000038AB2,5.0
AT6CZDCP4TRGA,B00003CWA3,3.0
A231WM2Z2JL0U3,B00003CWCI,4.0
A6FIAB28IS79,B00003CWDH,4.0
A231WM2Z2JL0U3,B00003CWE8,4.0
A5JLAU2ARJ0BO,B00003G1RG,3.0
A231WM2Z2JL0U3,B00003G1RG,5.0
A231WM2Z2JL0U3,B00003G1RJ,5.0
A2R6RA8FRBS608,B00003GO0E,5.0
A1RPTVW5VEOSI,B00003WGP5,5.0
A231WM2Z2JL0U3,B00003ZDJ7,5.0
A231WM2Z2JL0U3,B0000488VK,3.0
A7Y6AVS576M03,B00004NKHY,4.0
A7Y6AVS576M03,B00004R8U4,1.0
A2B7BUH8834Y6M,B00004R8V6,2.0
A231WM2Z2JL0U3,B00004R8VC,5.0
A1RPTVW5VEOSI,B00004RC2D,5.0
A231WM2Z2JL0U3,B00004RC2D,4.0
A1MJMYLRTZ76ZX,B00004RC2E,5.0
A1RPTVW5VEOSI,B00004RERZ,5.0
A1RPTVW5VEOSI,B00004RF6K,5.0
A7Y6AVS576M03,B00004RG7J,5.0
A7Y6AVS576M03,B00004RG7N,5.0
A7Y6AVS576M03,B00004RG85,5.0
A1RPTVW5VEOSI,B00004RIPE,5.0
A2BGZ52M908MJY,B00004S5H5,4.0
A1MJMYLRTZ76ZX,B00004S5H5,5.0
A2BGZ52M908MJY,B00004S5H9,4.0
A2BGZ52M908MJY,B00004S7T4,2.0
A5JLAU2ARJ0BO,B00004S9AK,5.0
A231WM2Z2JL0U3,B00004S9AK,5.0
A1RPTVW5VEOSI,B00004S9WQ,5.0
A1F9Z42CFF9IAY,B00004S9WR,4.0
A231WM2Z2JL0U3,B00004SA30,5.0
A2AEZQ3DGBBLPR,B00004SABB,3.0
A1JWSDDIH5Z7DV,B00004SB92,5.0
A5JLAU2ARJ0BO,B00004SB92,4.0
A1RPTVW5VEOSI,B00004SB92,5.0
A231WM2Z2JL0U3,B00004SB92,5.0
A2B7BUH8834Y6M,B00004SB92,4.0
A1F9Z42CFF9IAY,B00004SB92,4.0
A1MJMYLRTZ76ZX,B00004SC3Y,4.0
A231WM2Z2JL0U3,B00004SC3Y,4.0
A231WM2Z2JL0U3,B00004SCIT,4.0
A25HBO5V8S8SEA,B00004SCKA,5.0
A231WM2Z2JL0U3,B00004SCKA,4.0
A1RPTVW5VEOSI,B00004SD14,1.0
A231WM2Z2JL0U3,B00004SD15,5.0
A231WM2Z2JL0U3,B00004SD85,5.0
A12DLJESJKM1OQ,B00004SD8X,5.0
A7Y6AVS576M03,B00004SD9J,5.0
A7Y6AVS576M03,B00004SD9P,5.0
A231WM2Z2JL0U3,B00004SD9Q,5.0
A1MJMYLRTZ76ZX,B00004SP9T,5.0
A2BGZ52M908MJY,B00004SP9W,2.0
A1RPTVW5VEOSI,B00004SPCB,3.0
A231WM2Z2JL0U3,B00004SSRC,5.0
A7Y6AVS576M03,B00004STHL,5.0
A2R6RA8FRBS608,B00004SU73,4.0
A2BGZ52M908MJY,B00004SWL0,5.0
A2BGZ52M908MJY,B00004SYB7,4.0
A231WM2Z2JL0U3,B00004SYB7,5.0
A2R6RA8FRBS608,B00004SYKO,5.0
A1MJMYLRTZ76ZX,B00004SYVH,5.0
A2B7BUH8834Y6M,B00004SYVL,4.0
A1MJMYLRTZ76ZX,B00004T0RC,5.0
A5JLAU2ARJ0BO,B00004T1KZ,4.0
A1MJMYLRTZ76ZX,B00004T1M1,5.0
A6FIAB28IS79,B00004T1WU,5.0
A6FIAB28IS79,B00004T1X6,4.0
A2R6RA8FRBS608,B00004T8R2,4.0
A11D1KHM7DVOQK,B00004T8R2,2.0
A1MJMYLRTZ76ZX,B00004TB3J,5.0
A231WM2Z2JL0U3,B00004TDL2,3.0
A6FIAB28IS79,B00004TDN0,5.0
A1MJMYLRTZ76ZX,B00004TDN2,5.0
A2B7BUH8834Y6M,B00004TDN2,4.0
A1MJMYLRTZ76ZX,B00004TDN5,4.0
A1RPTVW5VEOSI,B00004TDPP,3.0
A231WM2Z2JL0U3,B00004TE75,5.0
A2BGZ52M908MJY,B00004TEN2,5.0
A231WM2Z2JL0U3,B00004TEN2,5.0
A25HBO5V8S8SEA,B00004TENT,5.0
A1RPTVW5VEOSI,B00004TH2W,5.0
A231WM2Z2JL0U3,B00004TH2Y,4.0
A231WM2Z2JL0U3,B00004THDE,5.0
A2BGZ52M908MJY,B00004TJ0G,5.0
A2BGZ52M908MJY,B00004TJ0L,5.0
A3OXHLG6DIBRW8,B00004TJ7O,5.0
A6FIAB28IS79,B00004TKHY,4.0
A2B7BUH8834Y6M,B00004TL5Q,5.0
A2BGZ52M908MJY,B00004TL6K,4.0
A2BGZ52M908MJY,B00004TLP9,4.0
A5JLAU2ARJ0BO,B00004TS16,5.0
A231WM2Z2JL0U3,B00004TS16,5.0
A1FR68QH6Z4YZM,B00004TVEV,5.0
A2BGZ52M908MJY,B00004TVQQ,5.0
A2BGZ52M908MJY,B00004TVSD,4.0
A5JLAU2ARJ0BO,B00004TVSO,2.0
A1MJMYLRTZ76ZX,B00004TWM3,5.0
A2R6RA8FRBS608,B00004TWM4,3.0
A2R6RA8FRBS608,B00004TWVY,5.0
A1MJMYLRTZ76ZX,B00004TX6F,5.0
A2BGZ52M908MJY,B00004TX6I,4.0
A2BGZ52M908MJY,B00004TX6M,5.0
A1MJMYLRTZ76ZX,B00004TX7E,4.0
A1F9Z42CFF9IAY,B00004TX7E,4.0
A2BGZ52M908MJY,B00004TY7O,5.0
A2BGZ52M908MJY,B00004TY7U,5.0
A2BGZ52M908MJY,B00004TYBG,4.0
A2BGZ52M908MJY,B00004TYJG,5.0
A2AEZQ3DGBBLPR,B00004TZG9,4.0
A6FIAB28IS79,B00004TZGZ,3.0
A6FIAB28IS79,B00004TZJJ,4.0
A6FIAB28IS79,B00004TZJK,4.0
A6FIAB28IS79,B00004TZJQ,3.0
A11D1KHM7DVOQK,B00004TZK6,1.0
A6FIAB28IS79,B00004TZKO,3.0
A1FR68QH6Z4YZM,B00004U0CR,5.0
A1MJMYLRTZ76ZX,B00004U0CR,4.0
A2BGZ52M908MJY,B00004U0D8,2.0
A2BGZ52M908MJY,B00004U0FD,5.0
A2BGZ52M908MJY,B00004U1TJ,3.0
A2BGZ52M908MJY,B00004U1TP,3.0
A2BGZ52M908MJY,B00004U1TR,4.0
A1MJMYLRTZ76ZX,B00004U1U1,5.0
A1JWSDDIH5Z7DV,B00004U47J,5.0
A2BGZ52M908MJY,B00004U4RL,4.0
A2BGZ52M908MJY,B00004U4RX,4.0
A2BGZ52M908MJY,B00004U5VH,4.0
A231WM2Z2JL0U3,B00004U8FY,4.0
A2BGZ52M908MJY,B00004U8LL,5.0
A231WM2Z2JL0U3,B00004U9NP,4.0
A2BGZ52M908MJY,B00004VUM1,4.0
A1RPTVW5VEOSI,B00004VUMG,5.0
A1RPTVW5VEOSI,B00004VUMI,4.0
A3OXHLG6DIBRW8,B00004VV4J,5.0
A3OXHLG6DIBRW8,B00004VVGH,5.0
AT2J7H5TRZM8Z,B00004VWM3,2.0
A231WM2Z2JL0U3,B00004VWM3,5.0
A1RPTVW5VEOSI,B00004VX15,3.0
A5JLAU2ARJ0BO,B00004VX3T,3.0
A231WM2Z2JL0U3,B00004VX3T,5.0
A2BGZ52M908MJY,B00004W3YX,4.0
A231WM2Z2JL0U3,B00004W3YX,5.0
A203OCQQ12MAVT,B00004W3ZQ,5.0
A1RPTVW5VEOSI,B00004WCBU,5.0
A2AY4YUOX2N1BQ,B00004WCEO,5.0
AGXV8E7XK9J6H,B00004WCEY,4.0
AGXV8E7XK9J6H,B00004WCG6,4.0
A1RPTVW5VEOSI,B00004WCIA,5.0
AGXV8E7XK9J6H,B00004WCIC,4.0
AGXV8E7XK9J6H,B00004WCID,5.0
A1MJMYLRTZ76ZX,B00004WEJX,5.0
A231WM2Z2JL0U3,B00004WGNF,4.0
A1F9Z42CFF9IAY,B00004WGTA,5.0
A231WM2Z2JL0U3,B00004WHF1,5.0
A2BGZ52M908MJY,B00004WHIL,4.0
A231WM2Z2JL0U3,B00004WIMW,1.0
AT2J7H5TRZM8Z,B00004WZOG,5.0
A2BGZ52M908MJY,B00004X036,2.0
A231WM2Z2JL0U3,B00004X036,3.0
A2AEZQ3DGBBLPR,B00004X084,5.0
A2BGZ52M908MJY,B00004X0ZI,2.0
A5JLAU2ARJ0BO,B00004X107,4.0
A231WM2Z2JL0U3,B00004XO1V,5.0
AKT8TGIT6VVZ5,B00004XOM3,5.0
A2B7BUH8834Y6M,B00004XOM3,4.0
A231WM2Z2JL0U3,B00004XP73,3.0
A1RPTVW5VEOSI,B00004XRDN,5.0
AGHZXQL9F94T9,B00004XRED,5.0
A2B7BUH8834Y6M,B00004Y284,5.0
A2AEZQ3DGBBLPR,B00004Y2MM,5.0
A231WM2Z2JL0U3,B00004Y2MM,5.0
A231WM2Z2JL0U3,B00004Y303,4.0
AT6CZDCP4TRGA,B00004Y3U7,1.0
AT6CZDCP4TRGA,B00004Y3V0,1.0
A2BGZ52M908MJY,B00004Y57H,4.0
A2AEZQ3DGBBLPR,B00004Y7CF,5.0
A231WM2Z2JL0U3,B00004Y7CF,5.0
AT6CZDCP4TRGA,B00004Y7TC,4.0
A1MJMYLRTZ76ZX,B00004Y7TD,5.0
A231WM2Z2JL0U3,B00004Y7Y2,4.0
A2BGZ52M908MJY,B00004YAHK,5.0
AT2J7H5TRZM8Z,B00004YB5Y,5.0
A231WM2Z2JL0U3,B00004YBVE,3.0
A5JLAU2ARJ0BO,B00004YKDQ,1.0
A231WM2Z2JL0U3,B00004YKDQ,4.0
A7Y6AVS576M03,B00004YMBK,5.0
A231WM2Z2JL0U3,B00004YMBK,5.0
A7Y6AVS576M03,B00004YMC5,5.0
AT2J7H5TRZM8Z,B00004YNWQ,5.0
A231WM2Z2JL0U3,B00004YRVY,4.0
A2BGZ52M908MJY,B00004YV85,5.0
A2BGZ52M908MJY,B00004YZLV,4.0
A1MJMYLRTZ76ZX,B00004YZLV,5.0
A11D1KHM7DVOQK,B00004Z0BN,3.0
A11D1KHM7DVOQK,B00004Z0C2,4.0
A231WM2Z2JL0U3,B00004Z4ZB,3.0
A3OXHLG6DIBRW8,B00004Z5KI,5.0
A5JLAU2ARJ0BO,B00004Z5L8,5.0
A3OXHLG6DIBRW8,B00004Z5M1,5.0
A5JLAU2ARJ0BO,B00004Z5M1,5.0
A2R6RA8FRBS608,B00004Z5M1,5.0
A11D1KHM7DVOQK,B00004Z672,2.0
A2AY4YUOX2N1BQ,B00004Z68X,4.0
A6FIAB28IS79,B00004Z6KW,5.0
A231WM2Z2JL0U3,B00004Z6OK,3.0
A231WM2Z2JL0U3,B00004Z6PI,5.0
A231WM2Z2JL0U3,B00004Z86J,5.0
A25HBO5V8S8SEA,B00004Z8HN,5.0
A25HBO5V8S8SEA,B00004Z90O,5.0
A2BGZ52M908MJY,B00004Z9DQ,4.0
A231WM2Z2JL0U3,B00004ZA7W,5.0
A1RPTVW5VEOSI,B00004ZB0V,4.0
A25HBO5V8S8SEA,B00004ZB57,5.0
A1MJMYLRTZ76ZX,B00004ZBTT,5.0
A2BGZ52M908MJY,B00004ZCA2,5.0
A2BGZ52M908MJY,B00004ZCA5,5.0
A2BGZ52M908MJY,B00004ZCC2,5.0
A203OCQQ12MAVT,B00004ZCCT,5.0
A203OCQQ12MAVT,B00004ZCCU,5.0
A1MJMYLRTZ76ZX,B00004ZCDD,5.0
A2BGZ52M908MJY,B00004ZCEX,5.0
A3OXHLG6DIBRW8,B00004ZCJE,5.0
A1MJMYLRTZ76ZX,B00004ZCJE,5.0
A2B7BUH8834Y6M,B00004ZCJE,5.0
A2BGZ52M908MJY,B00004ZCNS,5.0
AGXV8E7XK9J6H,B00004ZCTE,1.0
A2B7BUH8834Y6M,B00004ZD36,4.0
A1RPTVW5VEOSI,B00004ZD38,3.0
A1RPTVW5VEOSI,B00004ZD39,5.0
A1MJMYLRTZ76ZX,B0000501EJ,5.0
AKT8TGIT6VVZ5,B0000501QC,5.0
A2AY4YUOX2N1BQ,B000050442,3.0
A2B7BUH8834Y6M,B0000507JI,4.0
A231WM2Z2JL0U3,B0000509JK,2.0
A231WM2Z2JL0U3,B0000509JL,2.0
A1MJMYLRTZ76ZX,B000050AOR,4.0
A7Y6AVS576M03,B000050AQ7,5.0
A2R6RA8FRBS608,B000050AQ7,5.0
A231WM2Z2JL0U3,B000050AQ7,5.0
A7Y6AVS576M03,B000050MG3,5.0
A231WM2Z2JL0U3,B000050NON,4.0
A2R6RA8FRBS608,B000050ZE2,4.0
A2AY4YUOX2N1BQ,B000050ZS3,4.0
A25HBO5V8S8SEA,B000050ZTY,5.0
A25HBO5V8S8SEA,B000050ZUC,5.0
A231WM2Z2JL0U3,B0000510NY,3.0
A3OXHLG6DIBRW8,B0000510T7,5.0
A231WM2Z2JL0U3,B0000510YS,5.0
A3OXHLG6DIBRW8,B0000510ZO,4.0
A2BGZ52M908MJY,B000051123,5.0
A231WM2Z2JL0U3,B000051123,5.0
A231WM2Z2JL0U3,B0000511OJ,3.0
A203OCQQ12MAVT,B0000511T7,1.0
AT6CZDCP4TRGA,B0000511U7,4.0
A2CL818RN52NWN,B0000511WW,5.0
A203OCQQ12MAVT,B00005125H,5.0
A231WM2Z2JL0U3,B0000512Q7,3.0
A25HBO5V8S8SEA,B0000512VK,5.0
A1JWSDDIH5Z7DV,B00005137P,5.0
A231WM2Z2JL0U3,B00005137P,5.0
A6FIAB28IS79,B00005138B,2.0
A6FIAB28IS79,B0000513SA,5.0
A25HBO5V8S8SEA,B00005145S,5.0
A2CL818RN52NWN,B0000514G8,5.0
A2B7BUH8834Y6M,B000051JUL,4.0
A231WM2Z2JL0U3,B000051SHL,5.0
A1RPTVW5VEOSI,B000051TIV,2.0
A231WM2Z2JL0U3,B000051TN9,4.0
A231WM2Z2JL0U3,B000051TNA,4.0
AKT8TGIT6VVZ5,B0000520HD,4.0
AKT8TGIT6VVZ5,B0000520I7,5.0
AKT8TGIT6VVZ5,B0000520IA,5.0
A2BGZ52M908MJY,B0000520ID,4.0
AKT8TGIT6VVZ5,B0000520IJ,5.0
AKT8TGIT6VVZ5,B0000520IL,5.0
AKT8TGIT6VVZ5,B0000520IT,5.0
AKT8TGIT6VVZ5,B0000520IV,5.0
A2BGZ52M908MJY,B00005218U,4.0
A2B7BUH8834Y6M,B000052WM4,3.0
A1F9Z42CFF9IAY,B000053HC5,5.0
A2AY4YUOX2N1BQ,B000053HGW,5.0
AKT8TGIT6VVZ5,B000053HH5,5.0
A2B7BUH8834Y6M,B000055YX6,5.0
A231WM2Z2JL0U3,B000056Q1H,5.0
A5JLAU2ARJ0BO,B000056SRE,5.0
AT2J7H5TRZM8Z,B000056SSM,2.0
A2AEZQ3DGBBLPR,B000056SSM,2.0
A231WM2Z2JL0U3,B000056SSM,3.0
A5JLAU2ARJ0BO,B00005853Z,5.0
A2AEZQ3DGBBLPR,B00005854E,4.0
A1RPTVW5VEOSI,B000058BCQ,5.0
A1FR68QH6Z4YZM,B000058DRT,5.0
A1MJMYLRTZ76ZX,B000058E2B,5.0
A11D1KHM7DVOQK,B000059L44,1.0
A1MJMYLRTZ76ZX,B000059MSI,4.0
A2B7BUH8834Y6M,B000059YXK,5.0
A7Y6AVS576M03,B00005A0QV,5.0
A7Y6AVS576M03,B00005A0QX,5.0
A7Y6AVS576M03,B00005A0QZ,5.0
A7Y6AVS576M03,B00005A0R0,5.0
A7Y6AVS576M03,B00005A0R1,5.0
A7Y6AVS576M03,B00005A0R3,5.0
A7Y6AVS576M03,B00005A0R4,5.0
A231WM2Z2JL0U3,B00005A0R4,5.0
A231WM2Z2JL0U3,B00005A3MB,5.0
A1F9Z42CFF9IAY,B00005A9AV,1.0
A231WM2Z2JL0U3,B00005A9WZ,5.0
A12DLJESJKM1OQ,B00005ABEH,3.0
A25HBO5V8S8SEA,B00005AC8J,5.0
A231WM2Z2JL0U3,B00005AC8J,5.0
A2AEZQ3DGBBLPR,B00005AKV3,3.0
A2BGZ52M908MJY,B00005ALB1,4.0
A6FIAB28IS79,B00005ALB1,3.0
A2R6RA8FRBS608,B00005AQ53,4.0
A6FIAB28IS79,B00005AR4L,4.0
A231WM2Z2JL0U3,B00005ARK3,4.0
A231WM2Z2JL0U3,B00005AT7Y,5.0
A7Y6AVS576M03,B00005ATMI,5.0
A2AEZQ3DGBBLPR,B00005ATMK,4.0
A231WM2Z2JL0U3,B00005ATWQ,4.0
A231WM2Z2JL0U3,B00005ATXJ,5.0
A231WM2Z2JL0U3,B00005ATZN,5.0
A1MJMYLRTZ76ZX,B00005ATZP,4.0
AT2J7H5TRZM8Z,B00005AUJD,4.0
AT2J7H5TRZM8Z,B00005AW1H,1.0
A149RNR5RH19YY,B00005AW1H,3.0
A2AEZQ3DGBBLPR,B00005AW1H,4.0
A231WM2Z2JL0U3,B00005AW1H,4.0
AT2J7H5TRZM8Z,B00005AW1X,3.0
A231WM2Z2JL0U3,B00005AW1X,4.0
A1MJMYLRTZ76ZX,B00005AWBJ,5.0
A6FIAB28IS79,B00005AWBJ,4.0
A1MJMYLRTZ76ZX,B00005AWCL,3.0
A1F9Z42CFF9IAY,B00005AWCL,5.0
A231WM2Z2JL0U3,B00005AY8Q,5.0
A7Y6AVS576M03,B00005AY9I,5.0
A7Y6AVS576M03,B00005AY9N,5.0
A231WM2Z2JL0U3,B00005AYLL,5.0
AT2J7H5TRZM8Z,B00005B0BY,5.0
A231WM2Z2JL0U3,B00005B0BY,5.0
A231WM2Z2JL0U3,B00005B4BN,1.0
A231WM2Z2JL0U3,B00005B4BW,2.0
A231WM2Z2JL0U3,B00005B6TI,5.0
A231WM2Z2JL0U3,B00005B6UF,5.0
A231WM2Z2JL0U3,B00005B6YF,3.0
A2BGZ52M908MJY,B00005B70I,4.0
A231WM2Z2JL0U3,B00005B70I,2.0
A231WM2Z2JL0U3,B00005B8HO,5.0
A149RNR5RH19YY,B00005B8HU,4.0
A11D1KHM7DVOQK,B00005B8SF,2.0
AT2J7H5TRZM8Z,B00005B99P,4.0
A12DLJESJKM1OQ,B00005B9A0,5.0
AT2J7H5TRZM8Z,B00005B9AC,4.0
A11D1KHM7DVOQK,B00005B9W6,1.0
A231WM2Z2JL0U3,B00005BABT,4.0
AT2J7H5TRZM8Z,B00005BIB8,1.0
A231WM2Z2JL0U3,B00005BKZZ,3.0
A231WM2Z2JL0U3,B00005I9P3,5.0
A7Y6AVS576M03,B00005I9R4,2.0
AT6CZDCP4TRGA,B00005I9RU,2.0
A25HBO5V8S8SEA,B00005ICE1,5.0
A231WM2Z2JL0U3,B00005ICE1,5.0
A25HBO5V8S8SEA,B00005ICE3,5.0
AGHZXQL9F94T9,B00005ICE3,5.0
A25HBO5V8S8SEA,B00005JGFK,5.0
A25HBO5V8S8SEA,B00005JGFR,5.0
A25HBO5V8S8SEA,B00005JGFT,5.0
A231WM2Z2JL0U3,B00005JHQA,4.0
A1RPTVW5VEOSI,B00005JIM1,5.0
A1RPTVW5VEOSI,B00005JJRJ,1.0
A231WM2Z2JL0U3,B00005KAMS,3.0
AT2J7H5TRZM8Z,B00005KAMT,5.0
A231WM2Z2JL0U3,B00005KB24,5.0
A7Y6AVS576M03,B00005KC6B,5.0
A2CL818RN52NWN,B00005KJUG,1.0
AT2J7H5TRZM8Z,B00005KK2Q,4.0
AT6CZDCP4TRGA,B00005LACB,4.0
A2BGZ52M908MJY,B00005LAEP,5.0
AKT8TGIT6VVZ5,B00005LAXJ,3.0
AT2J7H5TRZM8Z,B00005LB8P,4.0
A231WM2Z2JL0U3,B00005LB8P,5.0
A6FIAB28IS79,B00005LB8P,5.0
A3OXHLG6DIBRW8,B00005LD4T,5.0
A3OXHLG6DIBRW8,B00005LD4W,5.0
A25HBO5V8S8SEA,B00005LDK6,5.0
A231WM2Z2JL0U3,B00005LDQH,4.0
AKT8TGIT6VVZ5,B00005LE6Z,5.0
AKT8TGIT6VVZ5,B00005LE70,5.0
AKT8TGIT6VVZ5,B00005LE72,4.0
A1FR68QH6Z4YZM,B00005LE72,4.0
AKT8TGIT6VVZ5,B00005LE75,5.0
AKT8TGIT6VVZ5,B00005LE77,5.0
A1FR68QH6Z4YZM,B00005LE77,5.0
AKT8TGIT6VVZ5,B00005LE78,5.0
A5JLAU2ARJ0BO,B00005LEN4,5.0
AKT8TGIT6VVZ5,B00005LEN4,5.0
A1FR68QH6Z4YZM,B00005LEN4,4.0
A5JLAU2ARJ0BO,B00005LENO,5.0
AKT8TGIT6VVZ5,B00005LENO,5.0
AKT8TGIT6VVZ5,B00005LENW,5.0
AKT8TGIT6VVZ5,B00005LEOC,4.0
AKT8TGIT6VVZ5,B00005LEOH,5.0
AKT8TGIT6VVZ5,B00005LEOM,5.0
AKT8TGIT6VVZ5,B00005LERN,5.0
AT2J7H5TRZM8Z,B00005M011,4.0
A231WM2Z2JL0U3,B00005MA7J,4.0
A231WM2Z2JL0U3,B00005MA9X,5.0
A231WM2Z2JL0U3,B00005MAAR,5.0
A231WM2Z2JL0U3,B00005MEMN,4.0
A231WM2Z2JL0U3,B00005MEN6,4.0
A25HBO5V8S8SEA,B00005MIS8,5.0
AT2J7H5TRZM8Z,B00005MIUN,5.0
A6FIAB28IS79,B00005ML56,2.0
AT2J7H5TRZM8Z,B00005ML6P,4.0
A3OXHLG6DIBRW8,B00005ML7Q,4.0
A1MJMYLRTZ76ZX,B00005MNG9,5.0
A149RNR5RH19YY,B00005MNHK,5.0
A5JLAU2ARJ0BO,B00005MOZG,4.0
AT2J7H5TRZM8Z,B00005N5XO,5.0
A12DLJESJKM1OQ,B00005N6KF,2.0
A6FIAB28IS79,B00005N6KF,4.0
A149RNR5RH19YY,B00005NBR6,5.0
A231WM2Z2JL0U3,B00005NDUP,5.0
A25HBO5V8S8SEA,B00005NFPH,5.0
A25HBO5V8S8SEA,B00005NFPU,5.0
A231WM2Z2JL0U3,B00005NGQF,4.0
A231WM2Z2JL0U3,B00005NHAC,5.0
A231WM2Z2JL0U3,B00005NHAK,4.0
A25HBO5V8S8SEA,B00005NHH8,5.0
A1MJMYLRTZ76ZX,B00005NHH8,4.0
AT2J7H5TRZM8Z,B00005NHHC,5.0
A5JLAU2ARJ0BO,B00005NIMR,4.0
A6FIAB28IS79,B00005NIMR,3.0
A2B7BUH8834Y6M,B00005NK38,5.0
A6FIAB28IS79,B00005NK3C,3.0
A1JWSDDIH5Z7DV,B00005NKXC,5.0
A5JLAU2ARJ0BO,B00005NKXS,5.0
A2R6RA8FRBS608,B00005NOHQ,5.0
A1RPTVW5VEOSI,B00005NOKT,5.0
A1RPTVW5VEOSI,B00005NVBF,4.0
AGHZXQL9F94T9,B00005NVPW,2.0
A231WM2Z2JL0U3,B00005NWQN,5.0
A149RNR5RH19YY,B00005NWV1,5.0
A5JLAU2ARJ0BO,B00005O0LH,5.0
A231WM2Z2JL0U3,B00005O0LI,5.0
A231WM2Z2JL0U3,B00005OAY3,3.0
A25HBO5V8S8SEA,B00005OCY6,5.0
A2BGZ52M908MJY,B00005OCY6,3.0
A231WM2Z2JL0U3,B00005OL85,5.0
A231WM2Z2JL0U3,B00005OMN0,5.0
A25HBO5V8S8SEA,B00005OMXW,5.0
AT6CZDCP4TRGA,B00005OMZ7,3.0
A25HBO5V8S8SEA,B00005OMZJ,5.0
A1RPTVW5VEOSI,B00005OMZL,5.0
A231WM2Z2JL0U3,B00005OMZN,3.0
A1RPTVW5VEOSI,B00005OMZO,5.0
A231WM2Z2JL0U3,B00005OMZT,5.0
A5JLAU2ARJ0BO,B00005OP2T,5.0
A231WM2Z2JL0U3,B00005OQMO,4.0
AGHZXQL9F94T9,B00005OQMO,5.0
A1RPTVW5VEOSI,B00005OT5X,4.0
A1RPTVW5VEOSI,B00005Q5U5,5.0
A231WM2Z2JL0U3,B00005Q7DG,4.0
A5JLAU2ARJ0BO,B00005Q7DH,5.0
A231WM2Z2JL0U3,B00005Q7DI,4.0
A11D1KHM7DVOQK,B00005QBUR,4.0
AGXV8E7XK9J6H,B00005QBUU,4.0
A11D1KHM7DVOQK,B00005QBUU,4.0
A2BGZ52M908MJY,B00005QCO1,2.0
AT2J7H5TRZM8Z,B00005QCTX,4.0
A5JLAU2ARJ0BO,B00005QCU3,5.0
A2AEZQ3DGBBLPR,B00005QEY4,5.0
AT2J7H5TRZM8Z,B00005QFZF,4.0
A231WM2Z2JL0U3,B00005QFZF,5.0
AT2J7H5TRZM8Z,B00005QFZG,4.0
A5JLAU2ARJ0BO,B00005QFZG,5.0
A231WM2Z2JL0U3,B00005QFZG,5.0
A231WM2Z2JL0U3,B00005QI59,5.0
A149RNR5RH19YY,B00005QIPU,2.0
A2BGZ52M908MJY,B00005QJCU,3.0
A231WM2Z2JL0U3,B00005QJCU,4.0
A11D1KHM7DVOQK,B00005QT5J,2.0
A1RPTVW5VEOSI,B00005QWZ4,4.0
AGHZXQL9F94T9,B00005QWZ7,1.0
AT2J7H5TRZM8Z,B00005QXWH,4.0
A2AEZQ3DGBBLPR,B00005QXWI,5.0
A231WM2Z2JL0U3,B00005QXWI,5.0
A231WM2Z2JL0U3,B00005R098,4.0
A7Y6AVS576M03,B00005R867,5.0
A231WM2Z2JL0U3,B00005R8TR,4.0
A25HBO5V8S8SEA,B00005RFC1,5.0
A231WM2Z2JL0U3,B00005RG4N,3.0
AGHZXQL9F94T9,B00005RKO5,1.0
A2B7BUH8834Y6M,B00005S0M5,5.0
A2AEZQ3DGBBLPR,B00005T37X,5.0
A11D1KHM7DVOQK,B00005T39Y,4.0
A5JLAU2ARJ0BO,B00005T3B5,5.0
A2R6RA8FRBS608,B00005T3BP,5.0
AT2J7H5TRZM8Z,B00005T3DP,4.0
A7Y6AVS576M03,B00005T3DP,5.0
AT2J7H5TRZM8Z,B00005T3HO,4.0
A1JWSDDIH5Z7DV,B00005T3IW,5.0
A6FIAB28IS79,B00005T3ND,3.0
AT6CZDCP4TRGA,B00005T3Q2,5.0
A5JLAU2ARJ0BO,B00005T3RC,5.0
A5JLAU2ARJ0BO,B00005T3SM,5.0
A11D1KHM7DVOQK,B00005T3SP,4.0
A231WM2Z2JL0U3,B00005T3T6,5.0
A2B7BUH8834Y6M,B00005T3T6,5.0
A231WM2Z2JL0U3,B00005T3TL,5.0
AT2J7H5TRZM8Z,B00005T3V9,3.0
A1JWSDDIH5Z7DV,B00005T3WC,4.0
A1JWSDDIH5Z7DV,B00005T3WF,4.0
A7Y6AVS576M03,B00005T408,5.0
A6FIAB28IS79,B00005T408,4.0
A231WM2Z2JL0U3,B00005T6GZ,5.0
A231WM2Z2JL0U3,B00005U0I5,5.0
A1JWSDDIH5Z7DV,B00005U21I,5.0
A1JWSDDIH5Z7DV,B00005U7SD,5.0
A231WM2Z2JL0U3,B00005UE92,5.0
A25HBO5V8S8SEA,B00005UEA6,5.0
A1FR68QH6Z4YZM,B00005UK8Y,5.0
A2R6RA8FRBS608,B00005UKBG,5.0
A231WM2Z2JL0U3,B00005UKBX,5.0
ABH9D1TEOJ56E,B00005UKXM,4.0
A1FR68QH6Z4YZM,B00005UOSN,5.0
A25HBO5V8S8SEA,B00005UPRC,5.0
A25HBO5V8S8SEA,B00005UPRJ,5.0
A5JLAU2ARJ0BO,B00005USA7,5.0
A2R6RA8FRBS608,B00005USQ7,4.0
A231WM2Z2JL0U3,B00005UT2Q,4.0
A231WM2Z2JL0U3,B00005UT2S,5.0
A231WM2Z2JL0U3,B00005UT2T,5.0
A231WM2Z2JL0U3,B00005UT2U,5.0
AT6CZDCP4TRGA,B00005UV2R,1.0
A5JLAU2ARJ0BO,B00005V14C,5.0
A25HBO5V8S8SEA,B00005V1VJ,5.0
A11D1KHM7DVOQK,B00005V54U,5.0
AT2J7H5TRZM8Z,B00005V619,4.0
A5JLAU2ARJ0BO,B00005V619,5.0
A1F9Z42CFF9IAY,B00005V63T,4.0
A2AY4YUOX2N1BQ,B00005V8R8,4.0
A2AEZQ3DGBBLPR,B00005V9B5,5.0
A1MJMYLRTZ76ZX,B00005Y1Z6,5.0
A231WM2Z2JL0U3,B00005Y1Z6,5.0
A5JLAU2ARJ0BO,B00005Y3OM,4.0
A1RPTVW5VEOSI,B00005Y3OM,4.0
AT2J7H5TRZM8Z,B00005Y3V5,4.0
A1MJMYLRTZ76ZX,B00005Y3V5,4.0
A1MJMYLRTZ76ZX,B00005Y3V6,5.0
A5JLAU2ARJ0BO,B00005Y4QP,5.0
A231WM2Z2JL0U3,B00005Y7DO,5.0
A1F9Z42CFF9IAY,B00005YTVK,1.0
A2AEZQ3DGBBLPR,B00005YTX0,1.0
A2AY4YUOX2N1BQ,B00005YV57,5.0
A2AEZQ3DGBBLPR,B00005YVPI,5.0
A2AEZQ3DGBBLPR,B00005YXZE,5.0
A2AEZQ3DGBBLPR,B000060K55,5.0
A11D1KHM7DVOQK,B000060OEO,4.0
A5JLAU2ARJ0BO,B000062TTE,5.0
A149RNR5RH19YY,B000062TTF,5.0
A1F9Z42CFF9IAY,B000062VUO,4.0
A2B7BUH8834Y6M,B000062XUQ,5.0
A7Y6AVS576M03,B0000630MI,4.0
A5JLAU2ARJ0BO,B0000630MK,3.0
A25HBO5V8S8SEA,B0000630TK,5.0
A231WM2Z2JL0U3,B0000630TO,5.0
AGHZXQL9F94T9,B0000630TO,5.0
A1JWSDDIH5Z7DV,B0000631YV,5.0
A231WM2Z2JL0U3,B0000632FZ,5.0
A6FIAB28IS79,B0000632FZ,5.0
A1JWSDDIH5Z7DV,B0000632GH,5.0
A1JWSDDIH5Z7DV,B0000632GJ,5.0
A1JWSDDIH5Z7DV,B0000632GL,5.0
A5JLAU2ARJ0BO,B0000633EO,4.0
A2AEZQ3DGBBLPR,B00006341B,5.0
A203OCQQ12MAVT,B00006343W,1.0
A12DLJESJKM1OQ,B0000634T4,4.0
A5JLAU2ARJ0BO,B00006352Y,2.0
A231WM2Z2JL0U3,B000063574,5.0
AT2J7H5TRZM8Z,B0000635UX,3.0
ABH9D1TEOJ56E,B0000636RZ,4.0
A5JLAU2ARJ0BO,B0000638RV,5.0
A231WM2Z2JL0U3,B000063BGY,4.0
AGHZXQL9F94T9,B000063BGY,2.0
A5JLAU2ARJ0BO,B000063CUK,5.0
A231WM2Z2JL0U3,B000063CWO,4.0
AT2J7H5TRZM8Z,B000063CWP,4.0
A231WM2Z2JL0U3,B000063CWP,4.0
A5JLAU2ARJ0BO,B000063CWQ,5.0
A5JLAU2ARJ0BO,B000063EKP,5.0
ABH9D1TEOJ56E,B000063EN5,4.0
A11D1KHM7DVOQK,B000063ENL,4.0
AT2J7H5TRZM8Z,B000063LGR,5.0
ABH9D1TEOJ56E,B000063LHM,4.0
A2AEZQ3DGBBLPR,B000063S4I,5.0
A231WM2Z2JL0U3,B000063S4J,4.0
A2AEZQ3DGBBLPR,B000063SAT,5.0
A231WM2Z2JL0U3,B000063SGW,5.0
A25HBO5V8S8SEA,B000063TM4,5.0
A2AEZQ3DGBBLPR,B000063W55,5.0
A2AEZQ3DGBBLPR,B000063WP0,2.0
A231WM2Z2JL0U3,B000064076,5.0
AT2J7H5TRZM8Z,B00006412G,4.0
A231WM2Z2JL0U3,B00006412G,5.0
A5JLAU2ARJ0BO,B0000642RX,3.0
A5JLAU2ARJ0BO,B0000643XU,5.0
AT2J7H5TRZM8Z,B0000645C8,5.0
A231WM2Z2JL0U3,B0000645C8,4.0
AGHZXQL9F94T9,B0000645C8,5.0
A5JLAU2ARJ0BO,B0000645C9,5.0
A231WM2Z2JL0U3,B0000645C9,4.0
AGHZXQL9F94T9,B0000645C9,2.0
A1F9Z42CFF9IAY,B0000645C9,4.0
A231WM2Z2JL0U3,B0000645ED,5.0
A2AEZQ3DGBBLPR,B0000645V0,5.0
A2AEZQ3DGBBLPR,B0000645V1,5.0
A11D1KHM7DVOQK,B00006483U,2.0
AT2J7H5TRZM8Z,B00006484F,4.0
A5JLAU2ARJ0BO,B00006484F,1.0
A1MJMYLRTZ76ZX,B00006484F,5.0
A1MJMYLRTZ76ZX,B00006484G,5.0
A5JLAU2ARJ0BO,B0000655ZA,4.0
A12DLJESJKM1OQ,B0000658BE,5.0
A5JLAU2ARJ0BO,B0000658CD,4.0
A5JLAU2ARJ0BO,B0000658CG,5.0
A231WM2Z2JL0U3,B0000658CG,5.0
A231WM2Z2JL0U3,B0000658CH,5.0
A1RPTVW5VEOSI,B00006592V,4.0
A231WM2Z2JL0U3,B0000659A6,5.0
A5JLAU2ARJ0BO,B0000659A8,5.0
A231WM2Z2JL0U3,B0000659BH,4.0
AT6CZDCP4TRGA,B0000659TZ,3.0
A5JLAU2ARJ0BO,B0000659UB,5.0
AT2J7H5TRZM8Z,B0000659UN,4.0
A5JLAU2ARJ0BO,B0000659UN,5.0
A6FIAB28IS79,B000065BP9,5.0
A5JLAU2ARJ0BO,B000065BPC,5.0
A6FIAB28IS79,B000065BPC,4.0
A2B7BUH8834Y6M,B000065UTC,5.0
AGHZXQL9F94T9,B000065UTC,4.0
A12DLJESJKM1OQ,B000065UVY,5.0
A12DLJESJKM1OQ,B000065UWB,5.0
A7Y6AVS576M03,B000065UWF,5.0
AT2J7H5TRZM8Z,B000065V15,5.0
A2AY4YUOX2N1BQ,B0000665V7,5.0
A5JLAU2ARJ0BO,B000066AZ7,5.0
A231WM2Z2JL0U3,B000066CDG,3.0
A5JLAU2ARJ0BO,B000066E70,5.0
A231WM2Z2JL0U3,B000066E70,5.0
AT6CZDCP4TRGA,B000066HUA,4.0
A1JWSDDIH5Z7DV,B000066HUB,5.0
A2R6RA8FRBS608,B000066HUC,5.0
A2R6RA8FRBS608,B000066HUD,4.0
A231WM2Z2JL0U3,B000066JQU,5.0
A1JWSDDIH5Z7DV,B000066R5Y,5.0
A6FIAB28IS79,B000066R6M,4.0
A7Y6AVS576M03,B000066R6P,5.0
AT2J7H5TRZM8Z,B000066R6S,5.0
A5JLAU2ARJ0BO,B000066S2B,5.0
A2AEZQ3DGBBLPR,B000066TPN,4.0
A231WM2Z2JL0U3,B000066TPN,4.0
A2AEZQ3DGBBLPR,B000066TPO,5.0
AT2J7H5TRZM8Z,B000067BEG,5.0
A5JLAU2ARJ0BO,B000067DKB,5.0
A231WM2Z2JL0U3,B000067NO5,5.0
A231WM2Z2JL0U3,B000067NO6,4.0
A5JLAU2ARJ0BO,B000067QFC,4.0
A3OXHLG6DIBRW8,B000067REG,5.0
A5JLAU2ARJ0BO,B000067RMT,4.0
A2R6RA8FRBS608,B000067RVL,5.0
A3OXHLG6DIBRW8,B000067S60,4.0
A2R6RA8FRBS608,B000067S6V,4.0
A2AEZQ3DGBBLPR,B000067S9Y,5.0
A2R6RA8FRBS608,B000067SQP,4.0
A3OXHLG6DIBRW8,B000067VBL,3.0
A2R6RA8FRBS608,B000067VBL,5.0
A2R6RA8FRBS608,B000067VBM,5.0
A2R6RA8FRBS608,B000067VC3,5.0
ABH9D1TEOJ56E,B000067VKY,5.0
A12DLJESJKM1OQ,B000067VKY,5.0
A231WM2Z2JL0U3,B000068BQJ,5.0
AT2J7H5TRZM8Z,B000068BRB,5.0
A231WM2Z2JL0U3,B000068BRB,4.0
AT2J7H5TRZM8Z,B000068BRE,5.0
A231WM2Z2JL0U3,B000068BRE,5.0
A231WM2Z2JL0U3,B000068BRK,5.0
A2B7BUH8834Y6M,B000068BSC,5.0
A2R6RA8FRBS608,B000068CNT,5.0
A25HBO5V8S8SEA,B000068CS0,5.0
A5JLAU2ARJ0BO,B000068DB8,5.0
A2AEZQ3DGBBLPR,B000068IGG,5.0
A2AEZQ3DGBBLPR,B000068IGI,5.0
A25HBO5V8S8SEA,B000068IL8,5.0
A5JLAU2ARJ0BO,B000068MGO,4.0
A2AEZQ3DGBBLPR,B000068MP5,5.0
A5JLAU2ARJ0BO,B000068MQE,5.0
A6FIAB28IS79,B000068NYF,5.0
A203OCQQ12MAVT,B000068O16,5.0
A203OCQQ12MAVT,B000068O1A,5.0
A203OCQQ12MAVT,B000068O3C,5.0
A203OCQQ12MAVT,B000068O4D,5.0
A203OCQQ12MAVT,B000068O4J,5.0
A203OCQQ12MAVT,B000068OEO,5.0
A5JLAU2ARJ0BO,B000068OJL,1.0
A5JLAU2ARJ0BO,B000068OJM,4.0
ABH9D1TEOJ56E,B000068PE8,3.0
AT6CZDCP4TRGA,B000068PL7,5.0
A12DLJESJKM1OQ,B000068U1L,4.0
A5JLAU2ARJ0BO,B000069092,4.0
A11D1KHM7DVOQK,B000069106,4.0
A25HBO5V8S8SEA,B0000691IO,5.0
A231WM2Z2JL0U3,B0000691IO,5.0
A25HBO5V8S8SEA,B0000691IQ,5.0
A231WM2Z2JL0U3,B0000691LX,3.0
AT2J7H5TRZM8Z,B0000696HN,5.0
A231WM2Z2JL0U3,B0000696R8,5.0
A1MJMYLRTZ76ZX,B000069AT6,5.0
A1MJMYLRTZ76ZX,B000069AT9,5.0
AGHZXQL9F94T9,B000069BJ9,2.0
AT6CZDCP4TRGA,B000069E1H,1.0
A12DLJESJKM1OQ,B000069FL3,2.0
AT6CZDCP4TRGA,B000069J56,2.0
AGHZXQL9F94T9,B000069J56,4.0
A25HBO5V8S8SEA,B000069JWS,5.0
A25HBO5V8S8SEA,B000069JWT,5.0
A5JLAU2ARJ0BO,B000069K98,5.0
A1F9Z42CFF9IAY,B000069K98,3.0
A5JLAU2ARJ0BO,B00006A8ZP,1.0
A25HBO5V8S8SEA,B00006AE2W,5.0
A25HBO5V8S8SEA,B00006AE3K,5.0
A11D1KHM7DVOQK,B00006AG1G,3.0
A2AEZQ3DGBBLPR,B00006ANXP,4.0
A1JWSDDIH5Z7DV,B00006ANYU,5.0
A1JWSDDIH5Z7DV,B00006ANYV,5.0
A5JLAU2ARJ0BO,B00006B12C,5.0
A231WM2Z2JL0U3,B00006B1HC,5.0
A25HBO5V8S8SEA,B00006B6JH,5.0
A6FIAB28IS79,B00006B722,5.0
A1F9Z42CFF9IAY,B00006B7DA,5.0
A5JLAU2ARJ0BO,B00006B7HB,5.0
A231WM2Z2JL0U3,B00006B7HB,5.0
A6FIAB28IS79,B00006B7LO,5.0
A203OCQQ12MAVT,B00006B7RU,5.0
A25HBO5V8S8SEA,B00006B7WN,5.0
A25HBO5V8S8SEA,B00006B7WT,5.0
A1JWSDDIH5Z7DV,B00006B80L,5.0
A5JLAU2ARJ0BO,B00006B80O,5.0
A25HBO5V8S8SEA,B00006B815,5.0
A5JLAU2ARJ0BO,B00006B85B,5.0
A25HBO5V8S8SEA,B00006B8ZL,5.0
AKT8TGIT6VVZ5,B00006B938,5.0
AT6CZDCP4TRGA,B00006B9H9,3.0
A149RNR5RH19YY,B00006B9HC,4.0
A149RNR5RH19YY,B00006B9HP,4.0
A1MJMYLRTZ76ZX,B00006B9Q7,5.0
A25HBO5V8S8SEA,B00006B9QA,5.0
A25HBO5V8S8SEA,B00006B9QE,5.0
A25HBO5V8S8SEA,B00006B9QG,5.0
A11D1KHM7DVOQK,B00006B9WE,3.0
A25HBO5V8S8SEA,B00006B9ZA,5.0
A231WM2Z2JL0U3,B00006B9ZB,5.0
A25HBO5V8S8SEA,B00006BA0B,5.0
A5JLAU2ARJ0BO,B00006BAVI,2.0
A25HBO5V8S8SEA,B00006BAW0,5.0
A25HBO5V8S8SEA,B00006BBY4,5.0
A2B7BUH8834Y6M,B00006BC2H,5.0
A1MJMYLRTZ76ZX,B00006BC2K,5.0
A5JLAU2ARJ0BO,B00006BH7F,5.0
AT6CZDCP4TRGA,B00006BMQS,1.0
A2AEZQ3DGBBLPR,B00006BSTP,5.0
A2AEZQ3DGBBLPR,B00006D2LI,5.0
A5JLAU2ARJ0BO,B00006DY6J,4.0
A25HBO5V8S8SEA,B00006DY6K,5.0
AGHZXQL9F94T9,B00006DY6K,2.0
AGHZXQL9F94T9,B00006DY6M,1.0
AT2J7H5TRZM8Z,B00006F2MW,5.0
A12DLJESJKM1OQ,B00006F2MW,4.0
A12DLJESJKM1OQ,B00006FMPE,5.0
AGHZXQL9F94T9,B00006FMPE,3.0
AKT8TGIT6VVZ5,B00006FRJK,5.0
AKT8TGIT6VVZ5,B00006FRO9,5.0
A2AEZQ3DGBBLPR,B00006FROK,1.0
A3OXHLG6DIBRW8,B00006FXHQ,4.0
A12DLJESJKM1OQ,B00006FXHQ,3.0
A203OCQQ12MAVT,B00006FXR9,3.0
A25HBO5V8S8SEA,B00006GETC,5.0
A25HBO5V8S8SEA,B00006GJ79,5.0
A231WM2Z2JL0U3,B00006HCCK,5.0
A1F9Z42CFF9IAY,B00006HCCK,5.0
A25HBO5V8S8SEA,B00006HCCS,5.0
A5JLAU2ARJ0BO,B00006HCCS,5.0
A25HBO5V8S8SEA,B00006HCHH,5.0
A6FIAB28IS79,B00006HCHH,5.0
AT2J7H5TRZM8Z,B00006HCJ4,5.0
A231WM2Z2JL0U3,B00006HCJI,4.0
A25HBO5V8S8SEA,B00006HGW0,5.0
AKT8TGIT6VVZ5,B00006HGZL,5.0
A7Y6AVS576M03,B00006HMD8,5.0
A2CL818RN52NWN,B00006HMD8,5.0
A231WM2Z2JL0U3,B00006HMPK,5.0
A2AEZQ3DGBBLPR,B00006HMPM,5.0
A11D1KHM7DVOQK,B00006HMPR,1.0
A11D1KHM7DVOQK,B00006HMPZ,4.0
A25HBO5V8S8SEA,B00006HMRS,5.0
A25HBO5V8S8SEA,B00006HMRW,5.0
A25HBO5V8S8SEA,B00006HMRY,5.0
A25HBO5V8S8SEA,B00006HNXM,5.0
A5JLAU2ARJ0BO,B00006HOAU,2.0
A1FR68QH6Z4YZM,B00006HODA,5.0
A5JLAU2ARJ0BO,B00006HOGN,5.0
A2R6RA8FRBS608,B00006HON3,4.0
A25HBO5V8S8SEA,B00006HP8E,5.0
A25HBO5V8S8SEA,B00006HPBG,5.0
A2AEZQ3DGBBLPR,B00006HQEI,1.0
A25HBO5V8S8SEA,B00006HTE2,5.0
A25HBO5V8S8SEA,B00006HVWS,5.0
A25HBO5V8S8SEA,B00006HVWU,5.0
A25HBO5V8S8SEA,B00006HW3I,5.0
A25HBO5V8S8SEA,B00006HW3P,5.0
A1FR68QH6Z4YZM,B00006HWZ5,5.0
A25HBO5V8S8SEA,B00006HXF4,5.0
A5JLAU2ARJ0BO,B00006HXF4,2.0
A5JLAU2ARJ0BO,B00006HXJ6,5.0
A2R6RA8FRBS608,B00006HXLO,5.0
A5JLAU2ARJ0BO,B00006HXRA,5.0
A12DLJESJKM1OQ,B00006HXRA,4.0
A25HBO5V8S8SEA,B00006HY97,5.0
A1MJMYLRTZ76ZX,B00006HYFE,5.0
AT6CZDCP4TRGA,B00006HYJ5,3.0
A2AEZQ3DGBBLPR,B00006HYJ5,3.0
A5JLAU2ARJ0BO,B00006HYKM,1.0
A149RNR5RH19YY,B00006HYKM,2.0
A231WM2Z2JL0U3,B00006HYKM,5.0
A12DLJESJKM1OQ,B00006HYMK,1.0
AGHZXQL9F94T9,B00006HYMK,2.0
A2AEZQ3DGBBLPR,B00006HYOR,5.0
A2AEZQ3DGBBLPR,B00006HYPE,5.0
A5JLAU2ARJ0BO,B00006HYPV,1.0
A5JLAU2ARJ0BO,B00006HYRG,5.0
A5JLAU2ARJ0BO,B00006HYWR,1.0
A3OXHLG6DIBRW8,B00006HYYH,4.0
A2AEZQ3DGBBLPR,B00006HYYQ,2.0
A231WM2Z2JL0U3,B00006HZ0L,5.0
A25HBO5V8S8SEA,B00006HZJM,5.0
AGXV8E7XK9J6H,B00006I533,3.0
AGXV8E7XK9J6H,B00006I53S,4.0
AKT8TGIT6VVZ5,B00006I53V,4.0
A2B7BUH8834Y6M,B00006I53W,5.0
AKT8TGIT6VVZ5,B00006I53X,5.0
AKT8TGIT6VVZ5,B00006I57N,1.0
AKT8TGIT6VVZ5,B00006I57P,5.0
AKT8TGIT6VVZ5,B00006I57Q,5.0
A1MJMYLRTZ76ZX,B00006I5BN,5.0
AKT8TGIT6VVZ5,B00006I5DQ,5.0
AKT8TGIT6VVZ5,B00006I5E0,5.0
AKT8TGIT6VVZ5,B00006I5E1,5.0
AKT8TGIT6VVZ5,B00006I5E4,4.0
A1FR68QH6Z4YZM,B00006I5E4,5.0
A203OCQQ12MAVT,B00006I5EQ,5.0
A231WM2Z2JL0U3,B00006I5FQ,3.0
A6FIAB28IS79,B00006I5FQ,5.0
A231WM2Z2JL0U3,B00006I5FR,4.0
A203OCQQ12MAVT,B00006I5JC,5.0
AKT8TGIT6VVZ5,B00006I5JM,5.0
A12DLJESJKM1OQ,B00006I5JQ,5.0
A25HBO5V8S8SEA,B00006I5NW,5.0
AT6CZDCP4TRGA,B00006I5O4,4.0
AT6CZDCP4TRGA,B00006I5O5,2.0
A11D1KHM7DVOQK,B00006I5ST,4.0
AT2J7H5TRZM8Z,B00006I5T8,4.0
A6FIAB28IS79,B00006I5UH,4.0
A2R6RA8FRBS608,B00006I5V6,4.0
A6FIAB28IS79,B00006I5VX,5.0
A6FIAB28IS79,B00006I5WJ,5.0
A7Y6AVS576M03,B00006IAAL,3.0
A2R6RA8FRBS608,B00006IAAN,5.0
A6FIAB28IS79,B00006IAAN,1.0
A2R6RA8FRBS608,B00006IBLQ,5.0
A6FIAB28IS79,B00006ICIW,5.0
ABH9D1TEOJ56E,B00006IIU1,3.0
A12DLJESJKM1OQ,B00006IIU1,4.0
A12DLJESJKM1OQ,B00006IIU3,5.0
AT2J7H5TRZM8Z,B00006IIV1,4.0
A5JLAU2ARJ0BO,B00006IJO4,5.0
A3OXHLG6DIBRW8,B00006IJO9,2.0
AT6CZDCP4TRGA,B00006IKCS,4.0
AT2J7H5TRZM8Z,B00006IR39,4.0
A5JLAU2ARJ0BO,B00006IR39,5.0
AGHZXQL9F94T9,B00006IR39,2.0
A12DLJESJKM1OQ,B00006IRUL,5.0
A1JWSDDIH5Z7DV,B00006IS4N,5.0
AT2J7H5TRZM8Z,B00006IS65,2.0
A231WM2Z2JL0U3,B00006IS65,5.0
A12DLJESJKM1OQ,B00006IUSY,3.0
A2R6RA8FRBS608,B00006IW1X,4.0
A6FIAB28IS79,B00006IW1X,5.0
AT6CZDCP4TRGA,B00006J054,1.0
A149RNR5RH19YY,B00006J08P,3.0
AT6CZDCP4TRGA,B00006J09J,4.0
AT6CZDCP4TRGA,B00006J6RN,4.0
A1MJMYLRTZ76ZX,B00006J6RN,5.0
AGHZXQL9F94T9,B00006J6RN,5.0
A231WM2Z2JL0U3,B00006JHTQ,4.0
A6FIAB28IS79,B00006JHTQ,5.0
A231WM2Z2JL0U3,B00006JI6T,5.0
A25HBO5V8S8SEA,B00006JI6U,5.0
A1FR68QH6Z4YZM,B00006JI6U,5.0
A231WM2Z2JL0U3,B00006JI6U,5.0
A1FR68QH6Z4YZM,B00006JI6V,5.0
A2B7BUH8834Y6M,B00006JI73,5.0
A2B7BUH8834Y6M,B00006JI9K,5.0
A11D1KHM7DVOQK,B00006JILW,4.0
AT2J7H5TRZM8Z,B00006JKXN,2.0
A231WM2Z2JL0U3,B00006JKXN,4.0
AGHZXQL9F94T9,B00006JKXN,4.0
ABH9D1TEOJ56E,B00006JLOS,4.0
ABH9D1TEOJ56E,B00006JLOT,3.0
A12DLJESJKM1OQ,B00006JLOT,5.0
A231WM2Z2JL0U3,B00006JLWJ,5.0
AT2J7H5TRZM8Z,B00006JM1W,4.0
AT2J7H5TRZM8Z,B00006JN2R,4.0
A5JLAU2ARJ0BO,B00006JN3G,5.0
A1MJMYLRTZ76ZX,B00006JNCM,5.0
AGHZXQL9F94T9,B00006JP3Q,1.0
A203OCQQ12MAVT,B00006JPD1,5.0
A203OCQQ12MAVT,B00006JQ3D,5.0
A12DLJESJKM1OQ,B00006JQEJ,4.0
A3OXHLG6DIBRW8,B00006JQLB,4.0
A3OXHLG6DIBRW8,B00006JQLD,4.0
A5JLAU2ARJ0BO,B00006JQQ6,5.0
A2AEZQ3DGBBLPR,B00006JU62,5.0
A2R6RA8FRBS608,B00006L43O,5.0
A5JLAU2ARJ0BO,B00006L9CT,5.0
A12DLJESJKM1OQ,B00006L9CT,5.0
A5JLAU2ARJ0BO,B00006LFI5,5.0
A231WM2Z2JL0U3,B00006LHEE,5.0
A1MJMYLRTZ76ZX,B00006LHEL,4.0
A231WM2Z2JL0U3,B00006LHES,4.0
AT2J7H5TRZM8Z,B00006LHO7,5.0
A25HBO5V8S8SEA,B00006LHRD,5.0
A11D1KHM7DVOQK,B00006LHRV,2.0
A2B7BUH8834Y6M,B00006LK1O,4.0
A231WM2Z2JL0U3,B00006LL8P,5.0
A25HBO5V8S8SEA,B00006LL8X,5.0
A1FR68QH6Z4YZM,B00006LL8Y,1.0
A25HBO5V8S8SEA,B00006LL8Z,5.0
A25HBO5V8S8SEA,B00006LL99,5.0
A231WM2Z2JL0U3,B00006LS92,3.0
A12DLJESJKM1OQ,B00006LS92,5.0
A231WM2Z2JL0U3,B00006LU7D,4.0
A231WM2Z2JL0U3,B00006LU7E,4.0
A231WM2Z2JL0U3,B00006LUJZ,4.0
AGHZXQL9F94T9,B00006LUJZ,2.0
AT2J7H5TRZM8Z,B00006LV79,4.0
ABH9D1TEOJ56E,B00006LV79,4.0
A231WM2Z2JL0U3,B00006LV79,3.0
A5JLAU2ARJ0BO,B00006OLCT,5.0
A3OXHLG6DIBRW8,B00006OX6B,3.0
A231WM2Z2JL0U3,B00006OX95,5.0
A5JLAU2ARJ0BO,B00006OX9D,5.0
A2AY4YUOX2N1BQ,B00006RH5I,4.0
A1RPTVW5VEOSI,B00006RH5I,5.0
A1MJMYLRTZ76ZX,B00006RSIZ,5.0
AT2J7H5TRZM8Z,B00006RSJ1,5.0
A5JLAU2ARJ0BO,B00006RSJ1,4.0
A12DLJESJKM1OQ,B00006RSJ1,5.0
A5JLAU2ARJ0BO,B00006RSK5,5.0
A5JLAU2ARJ0BO,B00006RU4L,5.0
A5JLAU2ARJ0BO,B00006RVH4,3.0
A2B7BUH8834Y6M,B00006RVK4,5.0
A7Y6AVS576M03,B00006RVNH,5.0
A5JLAU2ARJ0BO,B00006RYUX,5.0
A5JLAU2ARJ0BO,B00006RZ1E,3.0
A231WM2Z2JL0U3,B00006SG3W,5.0
A1F9Z42CFF9IAY,B00007079A,3.0
AKT8TGIT6VVZ5,B0000709SU,5.0
A1MJMYLRTZ76ZX,B000071A7U,4.0
A1F9Z42CFF9IAY,B000071A7U,4.0
A2AEZQ3DGBBLPR,B000071NXU,3.0
A5JLAU2ARJ0BO,B000071NY3,5.0
A2AEZQ3DGBBLPR,B000071NY3,5.0
AT2J7H5TRZM8Z,B0000721YG,4.0
A12DLJESJKM1OQ,B000075AEV,4.0
A6FIAB28IS79,B000075UZ7,5.0
A2AEZQ3DGBBLPR,B000078WFV,5.0
A25HBO5V8S8SEA,B0000799QX,5.0
AKT8TGIT6VVZ5,B00007AJ8S,5.0
AKT8TGIT6VVZ5,B00007AJ8T,4.0
AKT8TGIT6VVZ5,B00007AJ8U,5.0
A2AEZQ3DGBBLPR,B00007AKB7,5.0
A2AY4YUOX2N1BQ,B00007B4DM,5.0
A25HBO5V8S8SEA,B00007B65J,5.0
A5JLAU2ARJ0BO,B00007B6L5,2.0
A1MJMYLRTZ76ZX,B00007B6L5,5.0
A25HBO5V8S8SEA,B00007B8R9,5.0
A2B7BUH8834Y6M,B00007B8UP,5.0
A25HBO5V8S8SEA,B00007B8VK,5.0
AT6CZDCP4TRGA,B00007BGP9,3.0
AT6CZDCP4TRGA,B00007BGSO,3.0
A5JLAU2ARJ0BO,B00007BHYL,4.0
AKT8TGIT6VVZ5,B00007BKFG,5.0
A5JLAU2ARJ0BO,B00007BKU9,4.0
A11D1KHM7DVOQK,B00007DN1E,4.0
A25HBO5V8S8SEA,B00007E35Z,5.0
A25HBO5V8S8SEA,B00007E361,5.0
A5JLAU2ARJ0BO,B00007E7L4,1.0
A1F9Z42CFF9IAY,B00007E7QS,4.0
A5JLAU2ARJ0BO,B00007E80J,4.0
A2B7BUH8834Y6M,B00007E83S,5.0
A2CL818RN52NWN,B00007E845,4.0
A2R6RA8FRBS608,B00007E8AB,4.0
A5JLAU2ARJ0BO,B00007E8YT,5.0
A231WM2Z2JL0U3,B00007E8YT,4.0
A149RNR5RH19YY,B00007EDM0,3.0
A11D1KHM7DVOQK,B00007EDM8,5.0
A6FIAB28IS79,B00007EDM8,2.0
A5JLAU2ARJ0BO,B00007EDZG,5.0
A2AEZQ3DGBBLPR,B00007FCUK,1.0
A6FIAB28IS79,B00007FGUE,2.0
A231WM2Z2JL0U3,B00007FS1O,5.0
A5JLAU2ARJ0BO,B00007FS59,5.0
A5JLAU2ARJ0BO,B00007FSB9,5.0
A25HBO5V8S8SEA,B00007G3DL,5.0
A2CL818RN52NWN,B00007G9J5,5.0
AGXV8E7XK9J6H,B00007GQLS,5.0
A2AY4YUOX2N1BQ,B00007GQLT,4.0
AGXV8E7XK9J6H,B00007GQLU,5.0
A2AY4YUOX2N1BQ,B00007GQLU,4.0
A1FR68QH6Z4YZM,B00007GWC6,5.0
A1F9Z42CFF9IAY,B00007H08Y,4.0
A5JLAU2ARJ0BO,B00007H4LM,5.0
A2AEZQ3DGBBLPR,B00007H4LM,5.0
A2B7BUH8834Y6M,B00007IFJY,4.0
A5JLAU2ARJ0BO,B00007J5VV,2.0
A2B7BUH8834Y6M,B00007J8SB,5.0
A6FIAB28IS79,B00007JDR0,5.0
A5JLAU2ARJ0BO,B00007K3A3,5.0
A231WM2Z2JL0U3,B00007K3A3,4.0
A25HBO5V8S8SEA,B00007KDVI,2.0
AT6CZDCP4TRGA,B00007KDVI,1.0
A149RNR5RH19YY,B00007KDVI,4.0
A231WM2Z2JL0U3,B00007KDVI,5.0
A149RNR5RH19YY,B00007KDVJ,3.0
A5JLAU2ARJ0BO,B00007KDX5,2.0
A231WM2Z2JL0U3,B00007LAYN,4.0
A5JLAU2ARJ0BO,B00007LAYQ,5.0
AKT8TGIT6VVZ5,B00007LKHY,4.0
A1FR68QH6Z4YZM,B00007LKHY,5.0
AGHZXQL9F94T9,B00007M5VP,4.0
A25HBO5V8S8SEA,B00007M8GP,5.0
A2AEZQ3DGBBLPR,B00007M8GV,5.0
A12DLJESJKM1OQ,B00007MEHB,5.0
A2CL818RN52NWN,B000083CUA,5.0
A5JLAU2ARJ0BO,B000083DY0,1.0
A2AEZQ3DGBBLPR,B000083EAI,5.0
A231WM2Z2JL0U3,B000083EAI,5.0
A5JLAU2ARJ0BO,B000083GMN,5.0
A25HBO5V8S8SEA,B000083J0D,5.0
A1F9Z42CFF9IAY,B000083JZ0,5.0
A3OXHLG6DIBRW8,B000083JZH,5.0
A11D1KHM7DVOQK,B000083K05,4.0
A25HBO5V8S8SEA,B000083K0Q,5.0
A5JLAU2ARJ0BO,B000083K9F,5.0
A203OCQQ12MAVT,B000083KIH,4.0
A11D1KHM7DVOQK,B000084FD5,1.0
A5JLAU2ARJ0BO,B000085BBN,1.0
A149RNR5RH19YY,B000085BBN,3.0
A149RNR5RH19YY,B000085BCX,5.0
A2AEZQ3DGBBLPR,B000085BD7,1.0
A231WM2Z2JL0U3,B000085BD7,3.0
A231WM2Z2JL0U3,B000085ZKV,5.0
A2B7BUH8834Y6M,B000086A17,5.0
A25HBO5V8S8SEA,B000086F0Q,5.0
A25HBO5V8S8SEA,B000086F5S,5.0
A5JLAU2ARJ0BO,B000086G0D,5.0
A6FIAB28IS79,B000087BHV,4.0
ABH9D1TEOJ56E,B000087BWL,3.0
A12DLJESJKM1OQ,B000087BWL,5.0
ABH9D1TEOJ56E,B000087BX8,4.0
A12DLJESJKM1OQ,B000087BX8,5.0
ABH9D1TEOJ56E,B000087BXC,4.0
A12DLJESJKM1OQ,B000087BXC,4.0
A5JLAU2ARJ0BO,B000087BXU,5.0
A5JLAU2ARJ0BO,B000087GHP,3.0
A5JLAU2ARJ0BO,B000087HWM,5.0
ABH9D1TEOJ56E,B000087HWM,4.0
A231WM2Z2JL0U3,B000087HWM,5.0
A5JLAU2ARJ0BO,B000087KY5,5.0
ABH9D1TEOJ56E,B000087KY5,4.0
A12DLJESJKM1OQ,B000087KY8,5.0
AGHZXQL9F94T9,B000087KY8,2.0
AGHZXQL9F94T9,B000087KYH,2.0
A5JLAU2ARJ0BO,B000087L74,4.0
A12DLJESJKM1OQ,B000087L74,5.0
ABH9D1TEOJ56E,B000087L95,4.0
A25HBO5V8S8SEA,B000087LBX,5.0
A231WM2Z2JL0U3,B000087LGD,4.0
ABH9D1TEOJ56E,B000087LIG,4.0
A12DLJESJKM1OQ,B000087LIG,5.0
ABH9D1TEOJ56E,B000087LII,5.0
A12DLJESJKM1OQ,B000087LII,5.0
ABH9D1TEOJ56E,B000087LIL,5.0
A2R6RA8FRBS608,B000087NBU,4.0
A2R6RA8FRBS608,B000087NBW,5.0
A25HBO5V8S8SEA,B000088JRR,5.0
A5JLAU2ARJ0BO,B000088NO8,2.0
ABH9D1TEOJ56E,B000088UNJ,4.0
ABH9D1TEOJ56E,B000088USR,3.0
A12DLJESJKM1OQ,B000088USR,4.0
ABH9D1TEOJ56E,B000088USW,3.0
A12DLJESJKM1OQ,B000088USW,3.0
ABH9D1TEOJ56E,B000088USX,3.0
A25HBO5V8S8SEA,B0000898TE,5.0
A231WM2Z2JL0U3,B0000898TE,5.0
A5JLAU2ARJ0BO,B0000899QP,5.0
A12DLJESJKM1OQ,B0000899R7,2.0
A2AY4YUOX2N1BQ,B0000899ZA,5.0
A6FIAB28IS79,B0000899ZA,4.0
A2B7BUH8834Y6M,B0000899ZA,3.0
A2B7BUH8834Y6M,B0000899ZB,5.0
A7Y6AVS576M03,B000089GN2,5.0
A7Y6AVS576M03,B000089GN3,5.0
A149RNR5RH19YY,B000089GN3,5.0
A6FIAB28IS79,B000089GN3,5.0
A2R6RA8FRBS608,B000089SEY,2.0
A5JLAU2ARJ0BO,B00008BO73,5.0
A1JWSDDIH5Z7DV,B00008BO8Z,5.0
A5JLAU2ARJ0BO,B00008BO91,5.0
A6FIAB28IS79,B00008BRSD,5.0
AT6CZDCP4TRGA,B00008CLZS,3.0
AGHZXQL9F94T9,B00008CR0Y,4.0
A2CL818RN52NWN,B00008DD4W,5.0
A25HBO5V8S8SEA,B00008EM77,5.0
A12DLJESJKM1OQ,B00008GK6Y,5.0
A1JWSDDIH5Z7DV,B00008GT9Y,5.0
A6FIAB28IS79,B00008GT9Y,4.0
A5JLAU2ARJ0BO,B00008H2NG,5.0
A231WM2Z2JL0U3,B00008I8OP,5.0
A5JLAU2ARJ0BO,B00008I9K8,5.0
ABH9D1TEOJ56E,B00008I9K8,5.0
A149RNR5RH19YY,B00008I9K8,4.0
A203OCQQ12MAVT,B00008IHNG,1.0
A203OCQQ12MAVT,B00008IHNK,4.0
A2AEZQ3DGBBLPR,B00008IHQO,4.0
ABH9D1TEOJ56E,B00008IHTY,4.0
A231WM2Z2JL0U3,B00008IHTY,3.0
ABH9D1TEOJ56E,B00008IHU2,4.0
A231WM2Z2JL0U3,B00008IHU2,5.0
A2AEZQ3DGBBLPR,B00008IM7P,5.0
A12DLJESJKM1OQ,B00008IOEJ,4.0
AGHZXQL9F94T9,B00008IOEJ,2.0
A5JLAU2ARJ0BO,B00008IP4V,5.0
A5JLAU2ARJ0BO,B00008IP4W,5.0
A5JLAU2ARJ0BO,B00008IP5N,5.0
A5JLAU2ARJ0BO,B00008IP5P,5.0
A5JLAU2ARJ0BO,B00008IP5R,5.0
A5JLAU2ARJ0BO,B00008IP5S,5.0
A2CL818RN52NWN,B00008IXFU,4.0
A25HBO5V8S8SEA,B00008J18S,5.0
A231WM2Z2JL0U3,B00008J639,4.0
A12DLJESJKM1OQ,B00008J639,5.0
AGHZXQL9F94T9,B00008J639,4.0
A12DLJESJKM1OQ,B00008J6VW,5.0
AGHZXQL9F94T9,B00008J6VW,3.0
A1MJMYLRTZ76ZX,B00008K4BD,5.0
A12DLJESJKM1OQ,B00008K4BD,5.0
AGHZXQL9F94T9,B00008K4BD,4.0
ABH9D1TEOJ56E,B00008KIVO,3.0
A25HBO5V8S8SEA,B00008KIWB,5.0
A5JLAU2ARJ0BO,B00008L3HH,4.0
AGHZXQL9F94T9,B00008L3HI,4.0
A12DLJESJKM1OQ,B00008L3HY,5.0
AGHZXQL9F94T9,B00008L3HY,4.0
A5JLAU2ARJ0BO,B00008L3IX,5.0
A5JLAU2ARJ0BO,B00008LDHZ,2.0
A2AEZQ3DGBBLPR,B00008LDHZ,5.0
AGHZXQL9F94T9,B00008LUN6,4.0
A25HBO5V8S8SEA,B00008MNCI,5.0
AGHZXQL9F94T9,B00008MZ0B,2.0
A25HBO5V8S8SEA,B00008N6QT,5.0
ABH9D1TEOJ56E,B00008N6RV,3.0
A12DLJESJKM1OQ,B00008N6VM,5.0
A5JLAU2ARJ0BO,B00008N6X4,4.0
A231WM2Z2JL0U3,B00008N6X4,2.0
AT6CZDCP4TRGA,B00008N6XG,2.0
A6FIAB28IS79,B00008N6XJ,5.0
A1FR68QH6Z4YZM,B00008N6YC,2.0
A5JLAU2ARJ0BO,B00008N6YJ,1.0
ABH9D1TEOJ56E,B00008NE00,4.0
A12DLJESJKM1OQ,B00008NE00,4.0
A6FIAB28IS79,B00008NJEP,3.0
A5JLAU2ARJ0BO,B00008NNY0,5.0
A5JLAU2ARJ0BO,B00008NUI2,5.0
A25HBO5V8S8SEA,B00008O0P3,5.0
ABH9D1TEOJ56E,B00008O35T,5.0
ABH9D1TEOJ56E,B00008O35W,4.0
A5JLAU2ARJ0BO,B00008OE43,5.0
ABH9D1TEOJ56E,B00008OE43,4.0
A1RPTVW5VEOSI,B00008OE46,5.0
AGHZXQL9F94T9,B00008OE46,4.0
ABH9D1TEOJ56E,B00008OE5G,5.0
A231WM2Z2JL0U3,B00008OE5G,5.0
A12DLJESJKM1OQ,B00008OE5G,5.0
AGHZXQL9F94T9,B00008OE5G,4.0
ABH9D1TEOJ56E,B00008OE5I,5.0
A12DLJESJKM1OQ,B00008OE5I,5.0
A1F9Z42CFF9IAY,B00008OE5I,3.0
A5JLAU2ARJ0BO,B00008OE6I,5.0
ABH9D1TEOJ56E,B00008OE6I,5.0
A231WM2Z2JL0U3,B00008OE6I,4.0
A12DLJESJKM1OQ,B00008OE6I,5.0
A1F9Z42CFF9IAY,B00008OE6I,4.0
A5JLAU2ARJ0BO,B00008OLY0,5.0
A1F9Z42CFF9IAY,B00008OTDY,5.0
A5JLAU2ARJ0BO,B00008PVXA,5.0
ABH9D1TEOJ56E,B00008PVXA,3.0
AGHZXQL9F94T9,B00008PVXA,3.0
ABH9D1TEOJ56E,B00008PVXB,3.0
ABH9D1TEOJ56E,B00008QWWF,4.0
A2AY4YUOX2N1BQ,B00008R9ML,4.0
ABH9D1TEOJ56E,B00008RHA3,4.0
A12DLJESJKM1OQ,B00008RHA3,5.0
A7Y6AVS576M03,B00008RS95,5.0
A11D1KHM7DVOQK,B00008RS96,2.0
ABH9D1TEOJ56E,B00008RUEO,5.0
ABH9D1TEOJ56E,B00008RUES,5.0
A5JLAU2ARJ0BO,B00008RUXS,5.0
A25HBO5V8S8SEA,B00008RW87,5.0
A149RNR5RH19YY,B00008RW8L,5.0
A231WM2Z2JL0U3,B00008RW8V,4.0
A231WM2Z2JL0U3,B00008SB1D,2.0
ABH9D1TEOJ56E,B00008SCFL,5.0
A7Y6AVS576M03,B00008SJX3,5.0
A11D1KHM7DVOQK,B00008T1U0,2.0
A11D1KHM7DVOQK,B00008V6JO,2.0
A7Y6AVS576M03,B00008VEK9,5.0
A3OXHLG6DIBRW8,B00008VF63,4.0
A149RNR5RH19YY,B00008VF63,4.0
A11D1KHM7DVOQK,B00008VF63,4.0
A2B7BUH8834Y6M,B00008VF7U,5.0
AT6CZDCP4TRGA,B00008VF91,1.0
A5JLAU2ARJ0BO,B00008VFCS,5.0
A5JLAU2ARJ0BO,B00008VFCT,5.0
A11D1KHM7DVOQK,B00008VIX2,4.0
A203OCQQ12MAVT,B00008VSL7,4.0
A25HBO5V8S8SEA,B00008W2LR,5.0
AGHZXQL9F94T9,B00008W7LJ,2.0
A12DLJESJKM1OQ,B00008W7LK,5.0
A5JLAU2ARJ0BO,B00008W7LL,4.0
A12DLJESJKM1OQ,B00008W7LL,5.0
A2B7BUH8834Y6M,B00008WFIZ,5.0
A5JLAU2ARJ0BO,B00008WFVI,2.0
A1MJMYLRTZ76ZX,B00008WFVI,5.0
A5JLAU2ARJ0BO,B00008WFVJ,5.0
A1JWSDDIH5Z7DV,B00008WIX1,5.0
AT6CZDCP4TRGA,B00008X5DC,5.0
A7Y6AVS576M03,B00008XETK,5.0
A5JLAU2ARJ0BO,B00008XPAR,4.0
A3OXHLG6DIBRW8,B00008Y0VN,5.0
AT6CZDCP4TRGA,B00008Y1A4,4.0
A11D1KHM7DVOQK,B00008Z1PC,3.0
A11D1KHM7DVOQK,B00008Z1PT,4.0
A11D1KHM7DVOQK,B00008Z1QL,4.0
A231WM2Z2JL0U3,B00008ZLHG,5.0
A1RPTVW5VEOSI,B00008ZOYE,3.0
A25HBO5V8S8SEA,B00008ZPI1,5.0
A5JLAU2ARJ0BO,B00008ZPNR,4.0
A11D1KHM7DVOQK,B00008ZPNR,4.0
A2AEZQ3DGBBLPR,B00008ZPNR,5.0
A25HBO5V8S8SEA,B00008ZPNS,5.0
A25HBO5V8S8SEA,B00009017A,5.0
A231WM2Z2JL0U3,B0000918U2,3.0
A5JLAU2ARJ0BO,B000092M1T,3.0
A11D1KHM7DVOQK,B000092YPR,4.0
A5JLAU2ARJ0BO,B000092YQW,1.0
A25HBO5V8S8SEA,B0000932A2,5.0
A11D1KHM7DVOQK,B0000932AM,1.0
A25HBO5V8S8SEA,B000093FPG,5.0
A25HBO5V8S8SEA,B000093IS2,5.0
A3OXHLG6DIBRW8,B000093UDQ,4.0
A11D1KHM7DVOQK,B000093UQC,4.0
A12DLJESJKM1OQ,B000093UQS,3.0
A7Y6AVS576M03,B000093USD,5.0
ABH9D1TEOJ56E,B000093UU4,5.0
A2B7BUH8834Y6M,B000094FRJ,5.0
A1FR68QH6Z4YZM,B000094FV6,5.0
A231WM2Z2JL0U3,B000094FV6,4.0
A11D1KHM7DVOQK,B000094JJL,2.0
A25HBO5V8S8SEA,B000094P0N,5.0
A6FIAB28IS79,B000094Q77,5.0
A231WM2Z2JL0U3,B0000952XZ,3.0
AT6CZDCP4TRGA,B000095IMS,5.0
A1F9Z42CFF9IAY,B000095ISH,3.0
A3OXHLG6DIBRW8,B000095SB4,4.0
A5JLAU2ARJ0BO,B000095SB4,3.0
A1RPTVW5VEOSI,B000095SB6,4.0
A11D1KHM7DVOQK,B000095SB6,1.0
AGHZXQL9F94T9,B000095SG3,4.0
ABH9D1TEOJ56E,B000095Z87,3.0
A25HBO5V8S8SEA,B000098XCR,5.0
A25HBO5V8S8SEA,B000098XCT,5.0
A2AEZQ3DGBBLPR,B000098XNQ,5.0
A25HBO5V8S8SEA,B00009967Y,5.0
A2R6RA8FRBS608,B000099GL7,5.0
A6FIAB28IS79,B00009APE3,5.0
A149RNR5RH19YY,B00009APTT,4.0
A231WM2Z2JL0U3,B00009EEMN,3.0
A11D1KHM7DVOQK,B00009EFEK,4.0
A2AEZQ3DGBBLPR,B00009EFQJ,5.0
AT6CZDCP4TRGA,B00009ETMA,5.0
A7Y6AVS576M03,B00009IB70,5.0
A2R6RA8FRBS608,B00009IB70,4.0
A231WM2Z2JL0U3,B00009J5VX,4.0
A5JLAU2ARJ0BO,B00009J5W0,1.0
A231WM2Z2JL0U3,B00009J5W0,5.0
A5JLAU2ARJ0BO,B00009K7ES,5.0
AGHZXQL9F94T9,B00009K7ET,2.0
A1F9Z42CFF9IAY,B00009KAPW,1.0
A2AEZQ3DGBBLPR,B00009KAPX,5.0
A2B7BUH8834Y6M,B00009KH63,4.0
A2AEZQ3DGBBLPR,B00009KO0D,5.0
A2AEZQ3DGBBLPR,B00009KO3A,5.0
AT6CZDCP4TRGA,B00009L1RI,4.0
A11D1KHM7DVOQK,B00009L1RI,2.0
A11D1KHM7DVOQK,B00009L1V0,3.0
A5JLAU2ARJ0BO,B00009LI6N,1.0
A1JWSDDIH5Z7DV,B00009LIG4,5.0
A1JWSDDIH5Z7DV,B00009LIG5,5.0
A5JLAU2ARJ0BO,B00009LZMN,1.0
A25HBO5V8S8SEA,B00009M6UY,5.0
A25HBO5V8S8SEA,B00009M953,5.0
A25HBO5V8S8SEA,B00009M954,5.0
A25HBO5V8S8SEA,B00009M967,5.0
A5JLAU2ARJ0BO,B00009MDBY,5.0
AT6CZDCP4TRGA,B00009MK3T,2.0
A5JLAU2ARJ0BO,B00009NFEP,1.0
A5JLAU2ARJ0BO,B00009NFEQ,5.0
A6FIAB28IS79,B00009PLIM,4.0
AT6CZDCP4TRGA,B00009PUM7,4.0
A5JLAU2ARJ0BO,B00009Q96Z,5.0
ABH9D1TEOJ56E,B00009Q96Z,3.0
A231WM2Z2JL0U3,B00009Q96Z,4.0
A5JLAU2ARJ0BO,B00009QSET,5.0
AGXV8E7XK9J6H,B00009R6CG,4.0
A1RPTVW5VEOSI,B00009R6GE,5.0
A203OCQQ12MAVT,B00009R6HB,4.0
AGXV8E7XK9J6H,B00009R6J7,4.0
A2AY4YUOX2N1BQ,B00009R6PX,5.0
A25HBO5V8S8SEA,B00009R6TA,5.0
AGXV8E7XK9J6H,B00009R6TA,4.0
A203OCQQ12MAVT,B00009R6TA,5.0
A1F9Z42CFF9IAY,B00009R6TA,5.0
AGXV8E7XK9J6H,B00009R6UI,4.0
AGXV8E7XK9J6H,B00009R6V0,4.0
AGXV8E7XK9J6H,B00009R6WL,4.0
AKT8TGIT6VVZ5,B00009R6WO,5.0
A2B7BUH8834Y6M,B00009R6WO,5.0
A1F9Z42CFF9IAY,B00009R6WT,4.0
A2AY4YUOX2N1BQ,B00009R72R,4.0
A2AY4YUOX2N1BQ,B00009R76N,5.0
A2AY4YUOX2N1BQ,B00009R7BD,5.0
A2AY4YUOX2N1BQ,B00009R7E0,5.0
A2AY4YUOX2N1BQ,B00009R7SE,5.0
A2AY4YUOX2N1BQ,B00009R7ZL,5.0
A2AY4YUOX2N1BQ,B00009R82U,5.0
A5JLAU2ARJ0BO,B00009R838,1.0
AGXV8E7XK9J6H,B00009R83T,5.0
AGXV8E7XK9J6H,B00009R88K,5.0
A1F9Z42CFF9IAY,B00009R8AI,2.0
A1RPTVW5VEOSI,B00009R8I9,3.0
A1RPTVW5VEOSI,B00009R8VM,4.0
A2AY4YUOX2N1BQ,B00009R8ZW,5.0
A2AY4YUOX2N1BQ,B00009R90M,5.0
A2AY4YUOX2N1BQ,B00009R90P,4.0
A1FR68QH6Z4YZM,B00009R98Y,5.0
AGXV8E7XK9J6H,B00009R9BH,5.0
A1FR68QH6Z4YZM,B00009R9D5,5.0
AKT8TGIT6VVZ5,B00009R9G6,5.0
A5JLAU2ARJ0BO,B00009RL1W,1.0
A149RNR5RH19YY,B00009RL1W,2.0
AGHZXQL9F94T9,B00009RL1W,4.0
A5JLAU2ARJ0BO,B00009RL1X,2.0
AGHZXQL9F94T9,B00009RL1X,3.0
A231WM2Z2JL0U3,B00009RTBX,5.0
A3OXHLG6DIBRW8,B00009RUCH,4.0
A6FIAB28IS79,B00009RUCH,4.0
A1F9Z42CFF9IAY,B00009RUCH,5.0
A2R6RA8FRBS608,B00009UHG7,4.0
A2R6RA8FRBS608,B00009UHG8,4.0
A5JLAU2ARJ0BO,B00009UT28,4.0
A2AY4YUOX2N1BQ,B00009UT3F,3.0
A1RPTVW5VEOSI,B00009UT3F,4.0
AKT8TGIT6VVZ5,B00009UU1U,5.0
A1MJMYLRTZ76ZX,B00009UU22,5.0
A5JLAU2ARJ0BO,B00009V37A,3.0
A2AY4YUOX2N1BQ,B00009V3A1,5.0
A1FR68QH6Z4YZM,B00009V3CA,5.0
A2AY4YUOX2N1BQ,B00009V3CG,5.0
A2AY4YUOX2N1BQ,B00009V3DO,5.0
A1FR68QH6Z4YZM,B00009V3FL,5.0
AKT8TGIT6VVZ5,B00009V3FM,5.0
A5JLAU2ARJ0BO,B00009V3JB,2.0
A5JLAU2ARJ0BO,B00009V3L6,2.0
A2AEZQ3DGBBLPR,B00009V3MM,5.0
A25HBO5V8S8SEA,B00009V6U1,5.0
A3OXHLG6DIBRW8,B00009VSBE,5.0
ABH9D1TEOJ56E,B00009VSBE,3.0
A5JLAU2ARJ0BO,B00009VSG6,4.0
AGHZXQL9F94T9,B00009VSG6,3.0
A5JLAU2ARJ0BO,B00009VSIM,5.0
AGHZXQL9F94T9,B00009VSIM,3.0
A5JLAU2ARJ0BO,B00009VT1T,3.0
ABH9D1TEOJ56E,B00009VT1T,4.0
A11D1KHM7DVOQK,B00009W3DS,5.0
A6FIAB28IS79,B00009W3TY,5.0
A1F9Z42CFF9IAY,B00009W3TY,5.0
A11D1KHM7DVOQK,B00009W42Q,4.0
AT6CZDCP4TRGA,B00009W44A,2.0
ABH9D1TEOJ56E,B00009W5FF,5.0
A1RPTVW5VEOSI,B00009W5FF,5.0
A203OCQQ12MAVT,B00009W5LU,5.0
A11D1KHM7DVOQK,B00009W5QR,1.0
A203OCQQ12MAVT,B00009WC24,5.0
A25HBO5V8S8SEA,B00009WKCS,5.0
ABH9D1TEOJ56E,B00009WKCT,5.0
A5JLAU2ARJ0BO,B00009X6PH,2.0
A231WM2Z2JL0U3,B00009X6PT,3.0
A5JLAU2ARJ0BO,B00009XFMF,5.0
A11D1KHM7DVOQK,B00009XSXN,4.0
AKT8TGIT6VVZ5,B00009XV7G,5.0
AKT8TGIT6VVZ5,B00009XV8P,5.0
AKT8TGIT6VVZ5,B00009XV91,5.0
AKT8TGIT6VVZ5,B00009XV96,5.0
AGXV8E7XK9J6H,B00009XVBU,5.0
AKT8TGIT6VVZ5,B00009XVBU,5.0
AGXV8E7XK9J6H,B00009XVBY,3.0
AKT8TGIT6VVZ5,B00009XVCZ,5.0
A2AY4YUOX2N1BQ,B00009XVOF,5.0
AKT8TGIT6VVZ5,B00009XW3A,5.0
AKT8TGIT6VVZ5,B00009XW3F,5.0
AKT8TGIT6VVZ5,B00009XW3I,5.0
A231WM2Z2JL0U3,B00009XZX1,4.0
A5JLAU2ARJ0BO,B00009YDPM,1.0
AGHZXQL9F94T9,B00009YDPM,3.0
A2R6RA8FRBS608,B00009ZOIP,4.0
A25HBO5V8S8SEA,B00009ZV4Z,5.0
A25HBO5V8S8SEA,B00009ZV50,5.0
A5JLAU2ARJ0BO,B0000A03CZ,2.0
A5JLAU2ARJ0BO,B0000A0AJH,5.0
A5JLAU2ARJ0BO,B0000A1VS1,5.0
ABH9D1TEOJ56E,B0000A2QAB,3.0
A5JLAU2ARJ0BO,B0000A2QAD,4.0
A231WM2Z2JL0U3,B0000A2QAD,4.0
A231WM2Z2JL0U3,B0000A55F4,3.0
AT6CZDCP4TRGA,B0000A5769,5.0
A2AY4YUOX2N1BQ,B0000A5A8E,5.0
A2AY4YUOX2N1BQ,B0000A5A9H,4.0
A2B7BUH8834Y6M,B0000A5R5D,4.0
AGHZXQL9F94T9,B0000A602S,5.0
A25HBO5V8S8SEA,B0000AAAJR,5.0
A231WM2Z2JL0U3,B0000AAAPF,3.0
A2B7BUH8834Y6M,B0000AAAPF,1.0
A1F9Z42CFF9IAY,B0000AAAPF,4.0
A5JLAU2ARJ0BO,B0000AAAYY,5.0
A149RNR5RH19YY,B0000ABPKG,3.0
A2AY4YUOX2N1BQ,B0000ABZKS,3.0
A5JLAU2ARJ0BO,B0000ACOW2,1.0
A25HBO5V8S8SEA,B0000ACXZY,5.0
AGXV8E7XK9J6H,B0000AE67G,4.0
AGXV8E7XK9J6H,B0000AE67H,4.0
A2AY4YUOX2N1BQ,B0000AE6AX,5.0
A2AY4YUOX2N1BQ,B0000AE6B4,5.0
A1FR68QH6Z4YZM,B0000AE6C3,5.0
AGXV8E7XK9J6H,B0000AE6C7,4.0
A6FIAB28IS79,B0000AFX40,4.0
AKT8TGIT6VVZ5,B0000AGAWV,5.0
A1FR68QH6Z4YZM,B0000AGAWV,5.0
AKT8TGIT6VVZ5,B0000AGAXZ,5.0
AKT8TGIT6VVZ5,B0000AGAZ8,5.0
A5JLAU2ARJ0BO,B0000AH5HF,2.0
A5JLAU2ARJ0BO,B0000AH5N1,3.0
A11D1KHM7DVOQK,B0000AHO2T,5.0
AT6CZDCP4TRGA,B0000AI0OE,4.0
A5JLAU2ARJ0BO,B0000AINEH,5.0
A5JLAU2ARJ0BO,B0000AJI8M,2.0
A2B7BUH8834Y6M,B0000AKA90,5.0
A2B7BUH8834Y6M,B0000AKACN,4.0
AGXV8E7XK9J6H,B0000AKVHF,5.0
A1FR68QH6Z4YZM,B0000AKVHF,5.0
A2B7BUH8834Y6M,B0000AKVHF,5.0
A1F9Z42CFF9IAY,B0000AKVHF,4.0
A25HBO5V8S8SEA,B0000AKVJC,5.0
A5JLAU2ARJ0BO,B0000AN42F,4.0
A5JLAU2ARJ0BO,B0000AOWWM,5.0
AT6CZDCP4TRGA,B0000AOWWY,4.0
A5JLAU2ARJ0BO,B0000APSKB,5.0
A231WM2Z2JL0U3,B0000APSKB,3.0
ABH9D1TEOJ56E,B0000AQFUR,3.0
A5JLAU2ARJ0BO,B0000AQFZ9,5.0
AT6CZDCP4TRGA,B0000AQIFW,3.0
AKT8TGIT6VVZ5,B0000AQJ6I,3.0
AKT8TGIT6VVZ5,B0000AQJ6N,5.0
AKT8TGIT6VVZ5,B0000AQJ6U,5.0
A1F9Z42CFF9IAY,B0000AQJ7J,3.0
A3OXHLG6DIBRW8,B0000ARKWY,5.0
A25HBO5V8S8SEA,B0000AZW9E,5.0
A1FR68QH6Z4YZM,B0000B1J82,4.0
A5JLAU2ARJ0BO,B0000B35CK,4.0
A1FR68QH6Z4YZM,B0000B35CK,5.0
A231WM2Z2JL0U3,B0000B35Y2,5.0
A1JWSDDIH5Z7DV,B0000BV0XV,5.0
A3OXHLG6DIBRW8,B0000BVYTV,5.0
ABH9D1TEOJ56E,B0000BYODE,4.0
A5JLAU2ARJ0BO,B0000BZG0P,5.0
AKT8TGIT6VVZ5,B0000BZM10,5.0
A2AY4YUOX2N1BQ,B0000BZMIH,5.0
A149RNR5RH19YY,B0000BZO6E,3.0
AKT8TGIT6VVZ5,B0000BZZFQ,4.0
AKT8TGIT6VVZ5,B0000BZZG0,4.0
AKT8TGIT6VVZ5,B0000BZZG1,4.0
AKT8TGIT6VVZ5,B0000BZZG9,5.0
AKT8TGIT6VVZ5,B0000BZZGB,5.0
AKT8TGIT6VVZ5,B0000BZZGE,5.0
A149RNR5RH19YY,B0000C0XS0,4.0
A231WM2Z2JL0U3,B0000C1ZHO,3.0
AT6CZDCP4TRGA,B0000C20T5,5.0
AT6CZDCP4TRGA,B0000C20V3,3.0
A2B7BUH8834Y6M,B0000C20XC,5.0
AT6CZDCP4TRGA,B0000C2KB7,3.0
ABH9D1TEOJ56E,B0000C2W57,3.0
A2B7BUH8834Y6M,B0000C3GWV,5.0
AKT8TGIT6VVZ5,B0000C3WBD,5.0
A5JLAU2ARJ0BO,B0000C4DX5,5.0
A6FIAB28IS79,B0000C4DX6,5.0
A5JLAU2ARJ0BO,B0000C4E4S,5.0
ABH9D1TEOJ56E,B0000C4E4S,4.0
A1FR68QH6Z4YZM,B0000C4E4S,5.0
A25HBO5V8S8SEA,B0000C66F8,5.0
ABH9D1TEOJ56E,B0000C8627,4.0
A5JLAU2ARJ0BO,B0000C8817,5.0
ABH9D1TEOJ56E,B0000C8VEK,5.0
A2B7BUH8834Y6M,B0000C8VEK,4.0
A25HBO5V8S8SEA,B0000CA1IH,5.0
A5JLAU2ARJ0BO,B0000CAPT8,5.0
AGXV8E7XK9J6H,B0000CBBNM,4.0
ABH9D1TEOJ56E,B0000CBJ8J,4.0
AGHZXQL9F94T9,B0000CBJ8J,3.0
A2B7BUH8834Y6M,B0000CC65P,5.0
A231WM2Z2JL0U3,B0000CD08M,4.0
AGXV8E7XK9J6H,B0000CD0B7,5.0
A1JWSDDIH5Z7DV,B0000CD9TA,5.0
A5JLAU2ARJ0BO,B0000CEJUO,5.0
A5JLAU2ARJ0BO,B0000CEOYI,3.0
A231WM2Z2JL0U3,B0000CEOYI,5.0
A1JWSDDIH5Z7DV,B0000CEUM7,5.0
A25HBO5V8S8SEA,B0000CFY8V,5.0
A2R6RA8FRBS608,B0000CFYM9,5.0
A2R6RA8FRBS608,B0000CFYMB,4.0
A5JLAU2ARJ0BO,B0000CH58M,5.0
ABH9D1TEOJ56E,B0000CH58M,4.0
A5JLAU2ARJ0BO,B0000D17BF,3.0
AT6CZDCP4TRGA,B0000D1E04,2.0
ABH9D1TEOJ56E,B0000D8DM7,4.0
A5JLAU2ARJ0BO,B0000D8HAD,5.0
A231WM2Z2JL0U3,B0000DALHV,2.0
ABH9D1TEOJ56E,B0000DB4D1,5.0
AGHZXQL9F94T9,B0000DB4D1,5.0
ABH9D1TEOJ56E,B0000DBJJT,4.0
A12DLJESJKM1OQ,B0000DBJJT,5.0
A5JLAU2ARJ0BO,B0000DBJTZ,2.0
A5JLAU2ARJ0BO,B0000DBJUB,5.0
A5JLAU2ARJ0BO,B0000DBJV5,3.0
A2R6RA8FRBS608,B0000DC640,4.0
A25HBO5V8S8SEA,B0000DD7PE,5.0
A2AEZQ3DGBBLPR,B0000DF2LT,4.0
A231WM2Z2JL0U3,B0000DF2QB,5.0
A11D1KHM7DVOQK,B0000DFHMM,2.0
A1F9Z42CFF9IAY,B0000DFI06,4.0
A149RNR5RH19YY,B0000DFZ67,2.0
A149RNR5RH19YY,B0000DIET2,5.0
A5JLAU2ARJ0BO,B0000DIFGJ,5.0
A5JLAU2ARJ0BO,B0000DIX25,2.0
A25HBO5V8S8SEA,B0000DJEIP,5.0
ABH9D1TEOJ56E,B0000DJY9P,4.0
ABH9D1TEOJ56E,B0000DJYEO,3.0
A2AEZQ3DGBBLPR,B0000DJYEO,5.0
A25HBO5V8S8SEA,B0000DK3I4,5.0
A25HBO5V8S8SEA,B0000DK6CT,5.0
A2B7BUH8834Y6M,B0000DK7J2,5.0
ABH9D1TEOJ56E,B0000DKHIP,4.0
A2AEZQ3DGBBLPR,B0000DKHIR,5.0
A1FR68QH6Z4YZM,B0000DYTDJ,5.0
AGXV8E7XK9J6H,B0000DZ5OE,5.0
A149RNR5RH19YY,B0000DZET4,4.0
A2R6RA8FRBS608,B0000E1717,5.0
A11D1KHM7DVOQK,B0000E1717,5.0
A6FIAB28IS79,B0000E2XEH,4.0
A203OCQQ12MAVT,B0000E68U2,5.0
A2CL818RN52NWN,B0000E6S0X,5.0
AT6CZDCP4TRGA,B0000E6S0Y,3.0
A2CL818RN52NWN,B0000E6S0Y,4.0
A5JLAU2ARJ0BO,B0000E6ZBI,5.0
A5JLAU2ARJ0BO,B0000EI9VR,1.0
A203OCQQ12MAVT,B0000ET9DG,5.0
A203OCQQ12MAVT,B0000ET9K5,5.0
A5JLAU2ARJ0BO,B0000EW9M8,4.0
AT6CZDCP4TRGA,B0000EWNWE,3.0
A2CL818RN52NWN,B0000EWNWE,4.0
A5JLAU2ARJ0BO,B0000T1R4O,5.0
A25HBO5V8S8SEA,B0000TN0VW,5.0
A25HBO5V8S8SEA,B0000TN0ZS,5.0
A6FIAB28IS79,B0000TQ154,3.0
A203OCQQ12MAVT,B0000TU7I6,5.0
AKT8TGIT6VVZ5,B0000TU7I6,5.0
AT6CZDCP4TRGA,B0000TU7IQ,4.0
A25HBO5V8S8SEA,B0000U1OD2,5.0
A1JWSDDIH5Z7DV,B0000UA3MA,5.0
A6FIAB28IS79,B0000UA3MA,5.0
A203OCQQ12MAVT,B0000UH6LQ,5.0
A203OCQQ12MAVT,B0000UH6MA,5.0
A5JLAU2ARJ0BO,B0000ULJWI,1.0
A1F9Z42CFF9IAY,B0000ULJWS,4.0
A1RPTVW5VEOSI,B0000UMLYI,2.0
A5JLAU2ARJ0BO,B0000UUXB6,3.0
A5JLAU2ARJ0BO,B0000UXH4Q,5.0
A5JLAU2ARJ0BO,B0000UXH5A,5.0
A1FR68QH6Z4YZM,B0000V41CW,5.0
A5JLAU2ARJ0BO,B0000VD3LC,1.0
A5JLAU2ARJ0BO,B0000VL2Y2,1.0
A2AEZQ3DGBBLPR,B0000VYJRY,3.0
A25HBO5V8S8SEA,B0000W4MW0,5.0
A5JLAU2ARJ0BO,B0000WWT84,5.0
A25HBO5V8S8SEA,B0000X0VBU,5.0
A25HBO5V8S8SEA,B0000X0VCE,5.0
A25HBO5V8S8SEA,B0000X0VCO,5.0
A5JLAU2ARJ0BO,B0000X0VCY,4.0
A203OCQQ12MAVT,B0000X0VCY,5.0
A25HBO5V8S8SEA,B0000XLXI0,5.0
A2R6RA8FRBS608,B0000XOBIE,4.0
A2B7BUH8834Y6M,B0000YB7RQ,5.0
A2AY4YUOX2N1BQ,B0000YPGQY,5.0
A1FR68QH6Z4YZM,B0000ZOLLO,5.0
A5JLAU2ARJ0BO,B000117DF8,5.0
A5JLAU2ARJ0BO,B000117DGW,4.0
A203OCQQ12MAVT,B00011CRUE,5.0
AT6CZDCP4TRGA,B00011ME9I,1.0
A2B7BUH8834Y6M,B00011PYC2,5.0
A1JWSDDIH5Z7DV,B00011PYDQ,5.0
A3OXHLG6DIBRW8,B00012FVYC,5.0
A5JLAU2ARJ0BO,B00012IKOU,4.0
A2R6RA8FRBS608,B00012YI9Q,4.0
A2R6RA8FRBS608,B00012YIA0,4.0
A3OXHLG6DIBRW8,B00013Q82A,4.0
A203OCQQ12MAVT,B00014K3U2,5.0
A203OCQQ12MAVT,B00014K3V6,5.0
A203OCQQ12MAVT,B00014K3VG,5.0
AKT8TGIT6VVZ5,B00014M3XW,5.0
A5JLAU2ARJ0BO,B00014M3ZK,5.0
A5JLAU2ARJ0BO,B00015GYU4,5.0
AT6CZDCP4TRGA,B000167KWY,3.0
A25HBO5V8S8SEA,B00016L0VQ,5.0
A5JLAU2ARJ0BO,B00016OYSW,1.0
A2R6RA8FRBS608,B00017G89E,4.0
A2B7BUH8834Y6M,B00017ILNK,5.0
AGHZXQL9F94T9,B00017IX10,4.0
AGXV8E7XK9J6H,B00017LSPI,5.0
AKT8TGIT6VVZ5,B00017LUHE,5.0
A1FR68QH6Z4YZM,B00017LURO,5.0
A1FR68QH6Z4YZM,B00017LUS8,5.0
A1FR68QH6Z4YZM,B00017LUSS,5.0
AKT8TGIT6VVZ5,B000182FHW,5.0
A1FR68QH6Z4YZM,B000182FHW,4.0
AKT8TGIT6VVZ5,B000184QQ0,5.0
A149RNR5RH19YY,B00018BN48,4.0
A2CL818RN52NWN,B00018WNS8,5.0
A2CL818RN52NWN,B00018WNSI,4.0
A2CL818RN52NWN,B00018XF9Y,5.0
A2CL818RN52NWN,B00018XFAI,4.0
A2CL818RN52NWN,B00018XFAS,4.0
A2CL818RN52NWN,B00018XFCQ,5.0
AKT8TGIT6VVZ5,B0001976UC,5.0
A1F9Z42CFF9IAY,B0001976UC,3.0
A1RPTVW5VEOSI,B00019JPRO,3.0
A5JLAU2ARJ0BO,B00019OWSQ,1.0
AT6CZDCP4TRGA,B00019VAWC,3.0
A25HBO5V8S8SEA,B0001A06GW,5.0
A5JLAU2ARJ0BO,B0001A06GW,4.0
A2B7BUH8834Y6M,B0001A967W,4.0
A5JLAU2ARJ0BO,B0001A99LA,2.0
AGHZXQL9F94T9,B0001A99MO,5.0
A2AEZQ3DGBBLPR,B0001AP8CE,4.0
A5JLAU2ARJ0BO,B0001AU6H6,5.0
A25HBO5V8S8SEA,B0001AUB3K,5.0
A5JLAU2ARJ0BO,B0001BRITE,1.0
A149RNR5RH19YY,B0001BRITE,4.0
A2R6RA8FRBS608,B0001BVD1S,4.0
A12DLJESJKM1OQ,B0001CKGO2,3.0
A2CL818RN52NWN,B0001CNKCM,5.0
A25HBO5V8S8SEA,B0001CNMFM,5.0
AGXV8E7XK9J6H,B0001D3K8A,4.0
A231WM2Z2JL0U3,B0001D3K8A,5.0
A5JLAU2ARJ0BO,B0001D56UK,4.0
A5JLAU2ARJ0BO,B0001DB6LS,3.0
A5JLAU2ARJ0BO,B0001DBEJC,5.0
A6FIAB28IS79,B0001DBEM4,5.0
A149RNR5RH19YY,B0001DHHI4,4.0
A1FR68QH6Z4YZM,B0001DKLHS,5.0
A5JLAU2ARJ0BO,B0001DYXOU,2.0
A1FR68QH6Z4YZM,B0001EKGG8,5.0
AT6CZDCP4TRGA,B0001EMLAM,3.0
A11D1KHM7DVOQK,B0001EMM1A,2.0
A6FIAB28IS79,B0001EZN52,4.0
A25HBO5V8S8SEA,B0001F1XNC,5.0
A25HBO5V8S8SEA,B0001F1XNM,5.0
A25HBO5V8S8SEA,B0001F1ZY4,5.0
A5JLAU2ARJ0BO,B0001F22PA,3.0
A11D1KHM7DVOQK,B0001F22PA,5.0
A149RNR5RH19YY,B0001FTVDQ,5.0
AGXV8E7XK9J6H,B0001FTVE0,5.0
A1F9Z42CFF9IAY,B0001FTVE0,1.0
A5JLAU2ARJ0BO,B0001FV35U,5.0
A11D1KHM7DVOQK,B0001FV35U,2.0
A5JLAU2ARJ0BO,B0001FV364,1.0
A1F9Z42CFF9IAY,B0001FV36E,5.0
A6FIAB28IS79,B0001FV3AK,5.0
A5JLAU2ARJ0BO,B0001G0FFI,5.0
A5JLAU2ARJ0BO,B0001G0FFS,5.0
A5JLAU2ARJ0BO,B0001G0FGW,5.0
A2B7BUH8834Y6M,B0001G6U48,4.0
A5JLAU2ARJ0BO,B0001G6U5M,5.0
A231WM2Z2JL0U3,B0001G6U5M,5.0
A5JLAU2ARJ0BO,B0001G6U5W,5.0
A5JLAU2ARJ0BO,B0001G6U9I,4.0
A11D1KHM7DVOQK,B0001G6UCA,4.0
A149RNR5RH19YY,B0001G6UGG,4.0
AT6CZDCP4TRGA,B0001GAMT2,5.0
AKT8TGIT6VVZ5,B0001GGXK4,4.0
A5JLAU2ARJ0BO,B0001GNDP2,5.0
A7Y6AVS576M03,B0001GYAA4,4.0
AT6CZDCP4TRGA,B0001H27PS,3.0
A5JLAU2ARJ0BO,B0001H4BMU,1.0
A5JLAU2ARJ0BO,B0001H4COW,1.0
AT6CZDCP4TRGA,B0001H6DL2,3.0
A5JLAU2ARJ0BO,B0001I2EZK,5.0
A1F9Z42CFF9IAY,B0001I91JM,3.0
A11D1KHM7DVOQK,B0001IXUEE,4.0
A5JLAU2ARJ0BO,B0001IXUEY,5.0
A5JLAU2ARJ0BO,B0001IXUFS,5.0
A149RNR5RH19YY,B0001JXAF2,1.0
AT6CZDCP4TRGA,B0001JXAYS,5.0
A11D1KHM7DVOQK,B0001JXAZ2,2.0
A2CL818RN52NWN,B0001JXFS4,5.0
A2AY4YUOX2N1BQ,B0001JZW8K,5.0
AGHZXQL9F94T9,B0001KWGP6,4.0
AT6CZDCP4TRGA,B0001LCZZQ,4.0
A11D1KHM7DVOQK,B0001LD00A,5.0
AT6CZDCP4TRGA,B0001LGXO0,1.0
A25HBO5V8S8SEA,B0001LRISA,5.0
A203OCQQ12MAVT,B0001LS12C,5.0
A25HBO5V8S8SEA,B0001LSDUC,5.0
A2CL818RN52NWN,B0001LXQIG,4.0
A2CL818RN52NWN,B0001LXQIQ,4.0
A6FIAB28IS79,B0001M2FVY,5.0
A203OCQQ12MAVT,B0001M47FG,5.0
A5JLAU2ARJ0BO,B0001MAB06,5.0
A5JLAU2ARJ0BO,B0001MHL0Y,3.0
A5JLAU2ARJ0BO,B0001MKU2U,4.0
A1FR68QH6Z4YZM,B0001MKU4S,5.0
A5JLAU2ARJ0BO,B0001MKU52,5.0
A11D1KHM7DVOQK,B0001MKU52,3.0
A7Y6AVS576M03,B0001ML86C,5.0
A5JLAU2ARJ0BO,B0001MVKO2,3.0
A1FR68QH6Z4YZM,B0001N7Q8A,5.0
A1FR68QH6Z4YZM,B0001N7Q8K,5.0
A1FR68QH6Z4YZM,B0001N7Q8U,5.0
A11D1KHM7DVOQK,B0001NBHMQ,2.0
A203OCQQ12MAVT,B0001NMHD4,5.0
A203OCQQ12MAVT,B0001NMHDO,5.0
A5JLAU2ARJ0BO,B0001NYKCK,5.0
A1RPTVW5VEOSI,B0001OY2VS,3.0
A5JLAU2ARJ0BO,B0001P4V36,5.0
A149RNR5RH19YY,B0001PFO3C,1.0
A1JWSDDIH5Z7DV,B0001Q258I,5.0
A1JWSDDIH5Z7DV,B0001U6RNI,5.0
AT6CZDCP4TRGA,B0001U6RNI,5.0
A5JLAU2ARJ0BO,B0001VWJIY,4.0
A203OCQQ12MAVT,B0001W1CWW,5.0
AT6CZDCP4TRGA,B0001WNKBI,1.0
AT6CZDCP4TRGA,B0001WV08S,5.0
A5JLAU2ARJ0BO,B0001WV09M,5.0
A5JLAU2ARJ0BO,B0001WV6W8,5.0
A2CL818RN52NWN,B0001WV6W8,4.0
A5JLAU2ARJ0BO,B0001WV6YQ,2.0
A5JLAU2ARJ0BO,B0001WV72W,5.0
A2B7BUH8834Y6M,B0001WW3F2,5.0
A5JLAU2ARJ0BO,B0001X6GEK,1.0
A2CL818RN52NWN,B0001XAJ6Q,5.0
A2AEZQ3DGBBLPR,B0001XE07K,4.0
A2B7BUH8834Y6M,B0001XE0QQ,5.0
A7Y6AVS576M03,B0001XGQVI,4.0
A1JWSDDIH5Z7DV,B0001XLS4S,5.0
A25HBO5V8S8SEA,B0001XSK26,5.0
A25HBO5V8S8SEA,B0001XSK3U,5.0
A2AY4YUOX2N1BQ,B0001Y6J14,5.0
A1FR68QH6Z4YZM,B0001YEOCU,5.0
A5JLAU2ARJ0BO,B0001YIA16,1.0
A6FIAB28IS79,B0001YXWVO,5.0
A5JLAU2ARJ0BO,B0001YYNMQ,5.0
A5JLAU2ARJ0BO,B000204SWE,5.0
AKT8TGIT6VVZ5,B00020A8RI,5.0
A5JLAU2ARJ0BO,B00020KPB2,5.0
A1FR68QH6Z4YZM,B00020KPB2,5.0
A2B7BUH8834Y6M,B00020P7Y2,5.0
A2B7BUH8834Y6M,B00020P7YC,5.0
A5JLAU2ARJ0BO,B00020VX9K,5.0
A203OCQQ12MAVT,B00020XXRK,5.0
A2B7BUH8834Y6M,B0002198K0,5.0
A2B7BUH8834Y6M,B0002198KA,5.0
AKT8TGIT6VVZ5,B00021EE4U,4.0
AT6CZDCP4TRGA,B00021O4UO,5.0
AGXV8E7XK9J6H,B00021OCQU,4.0
A2B7BUH8834Y6M,B00021UJ30,5.0
A2B7BUH8834Y6M,B00021UJ62,5.0
A5JLAU2ARJ0BO,B00021Z98A,5.0
A2AEZQ3DGBBLPR,B00021Z98A,1.0
A5JLAU2ARJ0BO,B00021ZVLA,5.0
A1JWSDDIH5Z7DV,B000222F5O,5.0
A1JWSDDIH5Z7DV,B000222GMG,5.0
AT6CZDCP4TRGA,B000222YSM,4.0
A11D1KHM7DVOQK,B00022OAH0,2.0
A2CL818RN52NWN,B00022PUDI,3.0
AT6CZDCP4TRGA,B00022RV9Y,2.0
AT6CZDCP4TRGA,B00022TN9A,5.0
A11D1KHM7DVOQK,B00022TN9A,4.0
A5JLAU2ARJ0BO,B00022TNF4,1.0
A231WM2Z2JL0U3,B00022VBAE,2.0
A203OCQQ12MAVT,B000230L3G,5.0
A5JLAU2ARJ0BO,B000233T80,5.0
A5JLAU2ARJ0BO,B000233YDK,5.0
A5JLAU2ARJ0BO,B000233YJ4,4.0
A25HBO5V8S8SEA,B00023440W,5.0
A2R6RA8FRBS608,B0002344GQ,4.0
A2AY4YUOX2N1BQ,B000234I5I,5.0
A1MJMYLRTZ76ZX,B0002375F8,2.0
A2R6RA8FRBS608,B0002375F8,5.0
A5JLAU2ARJ0BO,B00023CDL4,1.0
AT6CZDCP4TRGA,B0002553PA,2.0
AT6CZDCP4TRGA,B00025EKOA,4.0
A203OCQQ12MAVT,B00025HBPU,5.0
AGHZXQL9F94T9,B00025HM7M,4.0
AT6CZDCP4TRGA,B000265GL0,5.0
A149RNR5RH19YY,B00026CX6Q,5.0
AT6CZDCP4TRGA,B00026IN1U,4.0
A5JLAU2ARJ0BO,B00026IN1U,2.0
A25HBO5V8S8SEA,B00026KJ26,5.0
A1FR68QH6Z4YZM,B00026KJ26,5.0
A203OCQQ12MAVT,B00026Z9CQ,1.0
A5JLAU2ARJ0BO,B000274SYU,5.0
A2B7BUH8834Y6M,B000281Z6I,4.0
A2B7BUH8834Y6M,B0002821VQ,3.0
A5JLAU2ARJ0BO,B00028DM96,5.0
AKT8TGIT6VVZ5,B00028SPN4,5.0
AT6CZDCP4TRGA,B00028VKO0,4.0
A25HBO5V8S8SEA,B000294G18,5.0
A5JLAU2ARJ0BO,B000294HDU,1.0
AT6CZDCP4TRGA,B00029HOCG,5.0
A11D1KHM7DVOQK,B00029TN9S,3.0
A1JWSDDIH5Z7DV,B00029U13A,5.0
A2R6RA8FRBS608,B00029U1DK,5.0
A6FIAB28IS79,B00029U1DK,4.0
A1JWSDDIH5Z7DV,B0002A6XCW,5.0
A1JWSDDIH5Z7DV,B0002A6YBC,5.0
A6FIAB28IS79,B0002A6YVC,4.0
AGHZXQL9F94T9,B0002A6YVC,2.0
A2CL818RN52NWN,B0002AHRVI,5.0
A2AEZQ3DGBBLPR,B0002ARFZ6,3.0
A5JLAU2ARJ0BO,B0002AZNKA,4.0
A5JLAU2ARJ0BO,B0002B80EA,4.0
A231WM2Z2JL0U3,B0002B80EA,3.0
A1RPTVW5VEOSI,B0002BG2PO,4.0
AKT8TGIT6VVZ5,B0002CBE1K,3.0
A25HBO5V8S8SEA,B0002CEUMU,5.0
A5JLAU2ARJ0BO,B0002CPBUK,5.0
A3OXHLG6DIBRW8,B0002D0ROO,5.0
A203OCQQ12MAVT,B0002D6QJO,5.0
A1RPTVW5VEOSI,B0002DCJT0,5.0
A5JLAU2ARJ0BO,B0002DG0OA,2.0
A6FIAB28IS79,B0002DG9XW,5.0
A11D1KHM7DVOQK,B0002DGAO0,4.0
A25HBO5V8S8SEA,B0002DRNQO,5.0
A149RNR5RH19YY,B0002DV9CS,2.0
A149RNR5RH19YY,B0002DV9DC,5.0
A5JLAU2ARJ0BO,B0002DV9DM,2.0
A3OXHLG6DIBRW8,B0002E1TWM,4.0
A203OCQQ12MAVT,B0002E50MC,5.0
A6FIAB28IS79,B0002E50MC,4.0
A3OXHLG6DIBRW8,B0002EQUL2,4.0
A11D1KHM7DVOQK,B0002EQUL2,1.0
A3OXHLG6DIBRW8,B0002EXJ8Y,5.0
A1FR68QH6Z4YZM,B0002F3E92,5.0
A1JWSDDIH5Z7DV,B0002F7I9O,5.0
A6FIAB28IS79,B0002FHENE,4.0
A1JWSDDIH5Z7DV,B0002FO3JW,5.0
A5JLAU2ARJ0BO,B0002G81J4,1.0
A203OCQQ12MAVT,B0002GRUJ6,5.0
A3OXHLG6DIBRW8,B0002GRUV4,5.0
A203OCQQ12MAVT,B0002GV876,5.0
A5JLAU2ARJ0BO,B0002H0CRW,4.0
A2CL818RN52NWN,B0002H6M0S,5.0
A1JWSDDIH5Z7DV,B0002HVIBG,5.0
A2CL818RN52NWN,B0002HVIBG,5.0
A1JWSDDIH5Z7DV,B0002HVIC0,5.0
A11D1KHM7DVOQK,B0002I5RHG,5.0
A2B7BUH8834Y6M,B0002I71LG,4.0
A5JLAU2ARJ0BO,B0002ICEF4,5.0
A7Y6AVS576M03,B0002ICEM2,5.0
A5JLAU2ARJ0BO,B0002IG34W,4.0
A1JWSDDIH5Z7DV,B0002ILKMW,5.0
A1F9Z42CFF9IAY,B0002ILKMW,3.0
A2B7BUH8834Y6M,B0002ILKNQ,5.0
A1F9Z42CFF9IAY,B0002ILKNQ,3.0
AT6CZDCP4TRGA,B0002INUIY,5.0
AGHZXQL9F94T9,B0002IONG2,2.0
A3OXHLG6DIBRW8,B0002IP2TY,5.0
AT6CZDCP4TRGA,B0002IP4MO,3.0
A2AEZQ3DGBBLPR,B0002IQ1EE,1.0
A2CL818RN52NWN,B0002IQ1I0,5.0
A2B7BUH8834Y6M,B0002IU0G4,3.0
A5JLAU2ARJ0BO,B0002IWC9C,3.0
AT6CZDCP4TRGA,B0002J2D1I,1.0
A203OCQQ12MAVT,B0002J2O26,5.0
A3OXHLG6DIBRW8,B0002J2P1Q,5.0
A203OCQQ12MAVT,B0002J2TLC,5.0
A2R6RA8FRBS608,B0002J5TGY,4.0
A5JLAU2ARJ0BO,B0002J6Z6W,5.0
A1JWSDDIH5Z7DV,B0002JARO8,5.0
A1JWSDDIH5Z7DV,B0002JAROS,5.0
A203OCQQ12MAVT,B0002JC110,5.0
A203OCQQ12MAVT,B0002JC11A,5.0
A11D1KHM7DVOQK,B0002JUHIY,1.0
AT6CZDCP4TRGA,B0002JY6SQ,1.0
AT6CZDCP4TRGA,B0002JY6T0,1.0
A11D1KHM7DVOQK,B0002KH73Q,1.0
A1JWSDDIH5Z7DV,B0002KQR1E,5.0
A1JWSDDIH5Z7DV,B0002KQR1O,5.0
A1JWSDDIH5Z7DV,B0002KQR1Y,5.0
A25HBO5V8S8SEA,B0002KQR32,5.0
A5JLAU2ARJ0BO,B0002KQR3M,5.0
AKT8TGIT6VVZ5,B0002KTYAA,5.0
AT6CZDCP4TRGA,B0002KVQBA,2.0
A2CL818RN52NWN,B0002KVQBA,5.0
AKT8TGIT6VVZ5,B0002L2RXK,5.0
A3OXHLG6DIBRW8,B0002L5R78,4.0
A2AY4YUOX2N1BQ,B0002L5R78,5.0
A6FIAB28IS79,B0002L5R78,3.0
A2AY4YUOX2N1BQ,B0002LEMWE,5.0
A1MJMYLRTZ76ZX,B0002LEMWE,5.0
A1F9Z42CFF9IAY,B0002LEMWE,5.0
A5JLAU2ARJ0BO,B0002LHSFW,5.0
A2CL818RN52NWN,B0002LHSG6,5.0
A2CL818RN52NWN,B0002MIEXG,5.0
A2CL818RN52NWN,B0002MPM7W,5.0
AT6CZDCP4TRGA,B0002MPM86,3.0
A2R6RA8FRBS608,B0002MQ76C,4.0
A203OCQQ12MAVT,B0002MQGOK,5.0
A5JLAU2ARJ0BO,B0002MRO14,3.0
A5JLAU2ARJ0BO,B0002MRO2S,3.0
A5JLAU2ARJ0BO,B0002MSTW2,5.0
A12DLJESJKM1OQ,B0002OD3JY,4.0
AGHZXQL9F94T9,B0002OD3JY,4.0
A1JWSDDIH5Z7DV,B0002OG6NY,5.0
A1JWSDDIH5Z7DV,B0002OG6OI,5.0
A1JWSDDIH5Z7DV,B0002OG6PM,5.0
A5JLAU2ARJ0BO,B0002OIWZE,1.0
A5JLAU2ARJ0BO,B0002OZXHO,2.0
A11D1KHM7DVOQK,B0002OZXHO,2.0
A3OXHLG6DIBRW8,B0002P4VHG,3.0
A5JLAU2ARJ0BO,B0002P4VHG,1.0
A25HBO5V8S8SEA,B0002PC8EO,5.0
A5JLAU2ARJ0BO,B0002PSINY,4.0
A5JLAU2ARJ0BO,B0002QWU3W,1.0
A1F9Z42CFF9IAY,B0002QWU3W,1.0
AKT8TGIT6VVZ5,B0002R281K,5.0
AKT8TGIT6VVZ5,B0002R282O,5.0
AKT8TGIT6VVZ5,B0002R283S,5.0
A11D1KHM7DVOQK,B0002RRVQW,2.0
A2B7BUH8834Y6M,B0002RX1WA,5.0
A1JWSDDIH5Z7DV,B0002S9G0K,5.0
AT6CZDCP4TRGA,B0002SQ0A4,3.0
AT6CZDCP4TRGA,B0002SQ2P2,4.0
A11D1KHM7DVOQK,B0002SQ3Z6,3.0
A12DLJESJKM1OQ,B0002SQEWS,5.0
A5JLAU2ARJ0BO,B0002T3UPG,5.0
A149RNR5RH19YY,B0002T3UQ0,4.0
A6FIAB28IS79,B0002T74QC,5.0
A5JLAU2ARJ0BO,B0002TA96Y,5.0
A5JLAU2ARJ0BO,B0002TUWXY,3.0
A5JLAU2ARJ0BO,B0002TX7V8,5.0
A1RPTVW5VEOSI,B0002UBCXM,3.0
A149RNR5RH19YY,B0002UBDDG,5.0
A5JLAU2ARJ0BO,B0002UE9WI,2.0
A2B7BUH8834Y6M,B0002UHUTM,5.0
A3OXHLG6DIBRW8,B0002VAQR4,5.0
A11D1KHM7DVOQK,B0002VAQZQ,4.0
A25HBO5V8S8SEA,B0002VAYB2,5.0
A25HBO5V8S8SEA,B0002VG3OO,5.0
AT6CZDCP4TRGA,B0002WRGW6,5.0
A5JLAU2ARJ0BO,B0002X7V48,5.0
A2CL818RN52NWN,B0002X8U5M,5.0
A2CL818RN52NWN,B0002X8U9I,4.0
A2CL818RN52NWN,B0002XJAKG,4.0
A2B7BUH8834Y6M,B0002XN69C,3.0
A5JLAU2ARJ0BO,B0002XQJFA,5.0
AGXV8E7XK9J6H,B0002XQWCK,5.0
A5JLAU2ARJ0BO,B0002XZQ9U,1.0
A1FR68QH6Z4YZM,B0002XZQHM,3.0
A5JLAU2ARJ0BO,B0002Y22VE,1.0
A2B7BUH8834Y6M,B0002Y3M9K,5.0
AGXV8E7XK9J6H,B0002Y5WXE,5.0
A5JLAU2ARJ0BO,B0002Y6DGO,5.0
A1FR68QH6Z4YZM,B0002Y6DGO,4.0
A5JLAU2ARJ0BO,B0002YACFC,4.0
AGXV8E7XK9J6H,B0002YE686,3.0
AT6CZDCP4TRGA,B0002Z240M,4.0
A2R6RA8FRBS608,B0002Z240M,5.0
A6FIAB28IS79,B0002Z4554,3.0
A5JLAU2ARJ0BO,B0002Z456I,5.0
A5JLAU2ARJ0BO,B0002Z4572,5.0
A5JLAU2ARJ0BO,B0002ZA7I8,5.0
AGHZXQL9F94T9,B0002ZAEYA,4.0
A1RPTVW5VEOSI,B0002ZAILY,5.0
AGHZXQL9F94T9,B0002ZAIM8,5.0
AGHZXQL9F94T9,B0002ZAIMI,5.0
AGHZXQL9F94T9,B0002ZAIOG,5.0
A1F9Z42CFF9IAY,B0002ZH6PU,1.0
A5JLAU2ARJ0BO,B0002ZI07S,2.0
AT6CZDCP4TRGA,B0002ZLYYY,1.0
AT6CZDCP4TRGA,B0002ZPJZY,5.0
A5JLAU2ARJ0BO,B0002ZQB7O,2.0
AT6CZDCP4TRGA,B0002ZSFTG,4.0
A1F9Z42CFF9IAY,B0002ZW5W4,1.0
A5JLAU2ARJ0BO,B000300A2U,5.0
A1FR68QH6Z4YZM,B000309W6A,5.0
A25HBO5V8S8SEA,B000309YPO,5.0
AT6CZDCP4TRGA,B000309ZA8,5.0
A1F9Z42CFF9IAY,B00030CHRQ,4.0
A203OCQQ12MAVT,B0003NN81M,4.0
A203OCQQ12MAVT,B0003NN83K,5.0
A1MJMYLRTZ76ZX,B0003QIXBY,4.0
A2AY4YUOX2N1BQ,B00040USE4,5.0
A5JLAU2ARJ0BO,B00061HVKU,5.0
A11D1KHM7DVOQK,B00061IYFQ,5.0
A11D1KHM7DVOQK,B00061IYI8,2.0
A1F9Z42CFF9IAY,B000621N26,5.0
AGXV8E7XK9J6H,B000629GES,4.0
A2AY4YUOX2N1BQ,B00062PN6I,4.0
AT6CZDCP4TRGA,B00062QY5W,1.0
A1F9Z42CFF9IAY,B00062UKIY,5.0
A149RNR5RH19YY,B00062WV7C,5.0
A5JLAU2ARJ0BO,B000636JD8,2.0
A1JWSDDIH5Z7DV,B0006435AM,5.0
A1FR68QH6Z4YZM,B00064G5X6,5.0
AGHZXQL9F94T9,B00064O1P0,4.0
AGHZXQL9F94T9,B00064O89Y,4.0
A2AY4YUOX2N1BQ,B00064O8Z8,5.0
A149RNR5RH19YY,B00064V6RG,5.0
AT6CZDCP4TRGA,B00064X4QM,1.0
A5JLAU2ARJ0BO,B000651AMQ,5.0
A11D1KHM7DVOQK,B000658EP2,3.0
A1FR68QH6Z4YZM,B00065ANYC,2.0
AGXV8E7XK9J6H,B00065ANYW,4.0
A1MJMYLRTZ76ZX,B00065DGNC,5.0
A2R6RA8FRBS608,B00065DGNC,5.0
A2CL818RN52NWN,B00065HLSS,4.0
A5JLAU2ARJ0BO,B00065HLT2,5.0
A2AEZQ3DGBBLPR,B00065HMAA,2.0
A231WM2Z2JL0U3,B00065L5SK,5.0
A2CL818RN52NWN,B00065WNW2,4.0
A2R6RA8FRBS608,B00065XSE4,5.0
A6FIAB28IS79,B00065XSP8,4.0
A2CL818RN52NWN,B0006688XO,4.0
A5JLAU2ARJ0BO,B00066EK40,5.0
A149RNR5RH19YY,B00066UTBI,5.0
AKT8TGIT6VVZ5,B000673Z4A,5.0
A203OCQQ12MAVT,B00067ARZ0,5.0
A1JWSDDIH5Z7DV,B00067AXYU,5.0
A6FIAB28IS79,B00067LYFW,5.0
A5JLAU2ARJ0BO,B00067M5N2,1.0
A5JLAU2ARJ0BO,B00067M5O6,1.0
A11D1KHM7DVOQK,B00067OEPO,4.0
A6FIAB28IS79,B00067OF80,5.0
A25HBO5V8S8SEA,B00067TQ4S,5.0
A5JLAU2ARJ0BO,B00067TTY0,2.0
A5JLAU2ARJ0BO,B00068E1ME,1.0
A2CL818RN52NWN,B00068IKXK,4.0
A6FIAB28IS79,B00068MWUM,4.0
A5JLAU2ARJ0BO,B00069ECWC,3.0
A203OCQQ12MAVT,B0006A05QI,1.0
A3OXHLG6DIBRW8,B0006B088W,5.0
A11D1KHM7DVOQK,B0006B486K,5.0
A203OCQQ12MAVT,B0006BCCPO,5.0
A11D1KHM7DVOQK,B0006BFCN8,4.0
A5JLAU2ARJ0BO,B0006BKGAW,3.0
A1F9Z42CFF9IAY,B0006DPNNK,4.0
A1FR68QH6Z4YZM,B0006DS69S,5.0
A5JLAU2ARJ0BO,B0006FRXI6,5.0
A2B7BUH8834Y6M,B0006FTKXC,3.0
A2B7BUH8834Y6M,B0006FTKXM,3.0
A2B7BUH8834Y6M,B0006FTKYG,5.0
AT6CZDCP4TRGA,B0006G0RSI,3.0
AKT8TGIT6VVZ5,B0006GQ6K6,5.0
A2B7BUH8834Y6M,B0006GR8CQ,5.0
A5JLAU2ARJ0BO,B0006H5I3Q,4.0
A1F9Z42CFF9IAY,B0006HBBF0,4.0
A149RNR5RH19YY,B0006HPCLY,1.0
A11D1KHM7DVOQK,B0006HTPQ2,4.0
AGHZXQL9F94T9,B0006HTPQ2,5.0
A1JWSDDIH5Z7DV,B0006HU49E,5.0
A3OXHLG6DIBRW8,B0006HW668,4.0
A5JLAU2ARJ0BO,B0006I5I7G,1.0
A5JLAU2ARJ0BO,B0006IEV7E,5.0
A5JLAU2ARJ0BO,B0006J321O,3.0
AT6CZDCP4TRGA,B0006L0CL0,4.0
A5JLAU2ARJ0BO,B0006MWHMG,5.0
A2B7BUH8834Y6M,B0006N2NOW,3.0
A6FIAB28IS79,B0006N2P8Q,4.0
A2B7BUH8834Y6M,B0006N4X2C,3.0
A5JLAU2ARJ0BO,B0006O4VMI,4.0
A5JLAU2ARJ0BO,B0006O4VMS,4.0
A6FIAB28IS79,B0006OC16G,5.0
A2B7BUH8834Y6M,B0006OHVOI,5.0
A2B7BUH8834Y6M,B0006OHVOS,5.0
A2B7BUH8834Y6M,B0006OIZU2,5.0
A2B7BUH8834Y6M,B0006OIZUM,5.0
A203OCQQ12MAVT,B0006OIZWU,5.0
A25HBO5V8S8SEA,B0006OJG78,5.0
A2CL818RN52NWN,B0006OJG78,5.0
A1JWSDDIH5Z7DV,B0006PK8IS,5.0
A1JWSDDIH5Z7DV,B0006PK8R4,5.0
A1F9Z42CFF9IAY,B0006Q7FFG,1.0
A2B7BUH8834Y6M,B0006SQWR6,5.0
AT6CZDCP4TRGA,B0006TIEZS,4.0
AT6CZDCP4TRGA,B0006U6GH0,2.0
A2B7BUH8834Y6M,B0006U6GH0,5.0
A5JLAU2ARJ0BO,B0006VHV64,1.0
A3OXHLG6DIBRW8,B0006VHZJ2,5.0
AT6CZDCP4TRGA,B0006VX1G8,1.0
A5JLAU2ARJ0BO,B0006ZBHWY,5.0
A11D1KHM7DVOQK,B0006ZF53Q,2.0
AKT8TGIT6VVZ5,B00070E8LK,5.0
A3OXHLG6DIBRW8,B00070QI1I,5.0
AGHZXQL9F94T9,B00074Z9J6,5.0
AGHZXQL9F94T9,B00074Z9OQ,5.0
A2R6RA8FRBS608,B00076QAC4,5.0
A3OXHLG6DIBRW8,B00076TGYI,5.0
AKT8TGIT6VVZ5,B0007876DE,3.0
AKT8TGIT6VVZ5,B00078BQWG,3.0
A6FIAB28IS79,B00078F226,3.0
A1F9Z42CFF9IAY,B00078GLJY,5.0
A5JLAU2ARJ0BO,B00078NIOA,5.0
A1MJMYLRTZ76ZX,B000799LQS,2.0
A2AEZQ3DGBBLPR,B000799LQS,1.0
A149RNR5RH19YY,B00079PNTM,4.0
AGXV8E7XK9J6H,B0007DDK7A,4.0
A1FR68QH6Z4YZM,B0007G6RZE,5.0
A5JLAU2ARJ0BO,B0007GIXQU,5.0
A3OXHLG6DIBRW8,B0007GIXR4,4.0
A149RNR5RH19YY,B0007IG23Y,1.0
A5JLAU2ARJ0BO,B0007IOYU2,5.0
A2AY4YUOX2N1BQ,B0007KQLBK,5.0
AGHZXQL9F94T9,B0007KQUP2,5.0
A5JLAU2ARJ0BO,B0007KQWD2,5.0
A5JLAU2ARJ0BO,B0007KQWF0,5.0
A2B7BUH8834Y6M,B0007KX4TM,4.0
A2R6RA8FRBS608,B0007LBON4,5.0
A203OCQQ12MAVT,B0007LCKZU,2.0
A6FIAB28IS79,B0007LJHVA,5.0
A6FIAB28IS79,B0007LJHVK,3.0
A12DLJESJKM1OQ,B0007M3PIU,5.0
AKT8TGIT6VVZ5,B0007M3PKS,5.0
A11D1KHM7DVOQK,B0007M6104,4.0
A149RNR5RH19YY,B0007M610Y,4.0
A5JLAU2ARJ0BO,B0007MU1J6,4.0
AGHZXQL9F94T9,B0007MVHZS,4.0
A1F9Z42CFF9IAY,B0007MXZB2,5.0
A5JLAU2ARJ0BO,B0007N55MS,5.0
A6FIAB28IS79,B0007N55NC,4.0
A149RNR5RH19YY,B0007N55OQ,4.0
AT6CZDCP4TRGA,B0007NDPQQ,4.0
AGXV8E7XK9J6H,B0007NIB74,4.0
A2R6RA8FRBS608,B0007OF11M,4.0
AKT8TGIT6VVZ5,B0007OV45O,5.0
AKT8TGIT6VVZ5,B0007OV46S,5.0
A1JWSDDIH5Z7DV,B0007OW502,5.0
A1JWSDDIH5Z7DV,B0007OW51Q,5.0
A1F9Z42CFF9IAY,B0007OW51Q,5.0
A1JWSDDIH5Z7DV,B0007OW57K,5.0
A1JWSDDIH5Z7DV,B0007OW5CK,5.0
A1JWSDDIH5Z7DV,B0007OW5D4,5.0
A6FIAB28IS79,B0007OWASE,5.0
A5JLAU2ARJ0BO,B0007P4G4Y,5.0
A5JLAU2ARJ0BO,B0007P4G58,5.0
A2CL818RN52NWN,B0007P4G6M,5.0
A2R6RA8FRBS608,B0007PN5MS,5.0
A2CL818RN52NWN,B0007PN5ZK,5.0
AGXV8E7XK9J6H,B0007QKMQY,5.0
A5JLAU2ARJ0BO,B0007QKMQY,5.0
AGHZXQL9F94T9,B0007QKMQY,5.0
A2AY4YUOX2N1BQ,B0007QU6WY,5.0
AT6CZDCP4TRGA,B0007RA6MS,4.0
A12DLJESJKM1OQ,B0007RALGO,5.0
A11D1KHM7DVOQK,B0007RB1X6,2.0
A6FIAB28IS79,B0007RB2BM,4.0
A6FIAB28IS79,B0007RXD78,4.0
A2R6RA8FRBS608,B0007SL4IW,5.0
A6FIAB28IS79,B0007SM8QE,4.0
A2R6RA8FRBS608,B0007SXHP0,5.0
A1MJMYLRTZ76ZX,B0007TC38Q,5.0
A6FIAB28IS79,B0007TC390,1.0
A1F9Z42CFF9IAY,B0007TJ5AK,3.0
A231WM2Z2JL0U3,B0007TJ5OG,5.0
A5JLAU2ARJ0BO,B0007TZNA6,2.0
A1FR68QH6Z4YZM,B0007U00X0,5.0
A3OXHLG6DIBRW8,B0007UQNOA,3.0
A5JLAU2ARJ0BO,B0007UVYLC,5.0
A5JLAU2ARJ0BO,B0007UVYO4,5.0
A2CL818RN52NWN,B0007VMROE,4.0
AGHZXQL9F94T9,B0007VMROE,2.0
A25HBO5V8S8SEA,B0007VRPZA,2.0
AGXV8E7XK9J6H,B0007WK8KS,5.0
AKT8TGIT6VVZ5,B0007WK8KS,5.0
AGXV8E7XK9J6H,B0007WK8LC,5.0
A5JLAU2ARJ0BO,B0007WZMW2,5.0
A3OXHLG6DIBRW8,B0007XGOW8,2.0
AGHZXQL9F94T9,B0007XO79A,2.0
A5JLAU2ARJ0BO,B0007XO79U,4.0
AGHZXQL9F94T9,B0007XO79U,2.0
AGHZXQL9F94T9,B0007XO7A4,2.0
A5JLAU2ARJ0BO,B0007XO7AE,4.0
AGHZXQL9F94T9,B0007XO7AE,2.0
AT6CZDCP4TRGA,B0007XOHTU,5.0
A5JLAU2ARJ0BO,B0007XXU2K,4.0
A3OXHLG6DIBRW8,B0007XXU3E,4.0
A7Y6AVS576M03,B0007XXU3E,3.0
A11D1KHM7DVOQK,B0007Y6AD0,4.0
A6FIAB28IS79,B0007Y6AD0,1.0
A2CL818RN52NWN,B0007Y6AN0,5.0
AT6CZDCP4TRGA,B0007Y6ANU,3.0
A2AY4YUOX2N1BQ,B0007Y791C,5.0
A1F9Z42CFF9IAY,B0007Y791C,5.0
AGXV8E7XK9J6H,B0007Y794O,4.0
AKT8TGIT6VVZ5,B0007Y794O,5.0
A11D1KHM7DVOQK,B0007Y79AI,4.0
A11D1KHM7DVOQK,B0007Y79B2,4.0
A2B7BUH8834Y6M,B0007Y79B2,4.0
A2AY4YUOX2N1BQ,B0007Y79E4,5.0
A2B7BUH8834Y6M,B0007Y79E4,4.0
A2R6RA8FRBS608,B0007YFQH6,5.0
A5JLAU2ARJ0BO,B0007YN3F8,3.0
A11D1KHM7DVOQK,B0007ZAK4O,5.0
AT6CZDCP4TRGA,B00080DSEM,5.0
A2CL818RN52NWN,B00080FPSE,5.0
A7Y6AVS576M03,B00080FPSY,5.0
A6FIAB28IS79,B00080FPSY,3.0
A1RPTVW5VEOSI,B00080MY3I,3.0
A1JWSDDIH5Z7DV,B000816XI4,5.0
A1MJMYLRTZ76ZX,B00081A2KY,3.0
A2R6RA8FRBS608,B00081A2KY,5.0
A2B7BUH8834Y6M,B00081A2UO,5.0
A1F9Z42CFF9IAY,B00081GX8O,5.0
A5JLAU2ARJ0BO,B00081NX5K,5.0
A11D1KHM7DVOQK,B00081PR72,4.0
A6FIAB28IS79,B00081S0YY,4.0
A5JLAU2ARJ0BO,B00083JQY0,5.0
A5JLAU2ARJ0BO,B00083LJ5Y,5.0
A203OCQQ12MAVT,B0008D76L0,5.0
A2CL818RN52NWN,B0008G1RWQ,5.0
A11D1KHM7DVOQK,B0008GP89E,1.0
A2CL818RN52NWN,B0008GQQDG,5.0
A25HBO5V8S8SEA,B0008JF0CG,5.0
AGXV8E7XK9J6H,B00091SBU6,5.0
AGXV8E7XK9J6H,B00092GM0Q,5.0
A1FR68QH6Z4YZM,B00092PI0G,5.0
A12DLJESJKM1OQ,B00092RTXK,5.0
A2CL818RN52NWN,B000932ACO,5.0
AT6CZDCP4TRGA,B00093IIRA,3.0
A11D1KHM7DVOQK,B00094NNF6,4.0
A1F9Z42CFF9IAY,B00095W91O,5.0
A6FIAB28IS79,B0009AI5XA,5.0
AGXV8E7XK9J6H,B0009C15FI,4.0
AT6CZDCP4TRGA,B0009E1YPM,5.0
A5JLAU2ARJ0BO,B0009E3T14,1.0
A11D1KHM7DVOQK,B0009E5YNA,5.0
A1FR68QH6Z4YZM,B0009EUSYU,5.0
A2B7BUH8834Y6M,B0009EXWJS,4.0
A7Y6AVS576M03,B0009F3PZS,4.0
A11D1KHM7DVOQK,B0009FUFPG,5.0
A6FIAB28IS79,B0009FUSBW,4.0
A203OCQQ12MAVT,B0009H5VVM,5.0
A1MJMYLRTZ76ZX,B0009H5VVM,5.0
A11D1KHM7DVOQK,B0009H9PZU,5.0
AKT8TGIT6VVZ5,B0009HN57E,5.0
AKT8TGIT6VVZ5,B0009HN57Y,5.0
AKT8TGIT6VVZ5,B0009HS5IS,2.0
A5JLAU2ARJ0BO,B0009I4VE4,5.0
A6FIAB28IS79,B0009IGAPW,3.0
A2CL818RN52NWN,B0009JGV32,3.0
A1JWSDDIH5Z7DV,B0009K9FZW,5.0
A5JLAU2ARJ0BO,B0009K9Q2E,5.0
A203OCQQ12MAVT,B0009KF9BQ,1.0
AT6CZDCP4TRGA,B0009KIQNO,3.0
A1RPTVW5VEOSI,B0009KVU8W,4.0
A6FIAB28IS79,B0009MFQ1C,5.0
A149RNR5RH19YY,B0009MFQ1M,4.0
A2R6RA8FRBS608,B0009MX5R4,4.0
A1MJMYLRTZ76ZX,B0009MZ9UA,2.0
A2R6RA8FRBS608,B0009MZ9UA,5.0
A149RNR5RH19YY,B0009N5MDI,4.0
A2CL818RN52NWN,B0009O5MUA,3.0
AT6CZDCP4TRGA,B0009O5MWI,4.0
A3OXHLG6DIBRW8,B0009OAFI4,5.0
A3OXHLG6DIBRW8,B0009PAYY8,5.0
A11D1KHM7DVOQK,B0009PUVH8,4.0
A5JLAU2ARJ0BO,B0009PV49W,5.0
AT6CZDCP4TRGA,B0009Q0I3E,5.0
A5JLAU2ARJ0BO,B0009Q4W9A,5.0
AGXV8E7XK9J6H,B0009QU636,4.0
AKT8TGIT6VVZ5,B0009R3N9E,5.0
A1FR68QH6Z4YZM,B0009R3N9E,5.0
AKT8TGIT6VVZ5,B0009R3STY,5.0
A5JLAU2ARJ0BO,B0009RGLSE,3.0
A5JLAU2ARJ0BO,B0009RKL5S,1.0
A1MJMYLRTZ76ZX,B0009RKL5S,2.0
A2R6RA8FRBS608,B0009RKL5S,4.0
A1F9Z42CFF9IAY,B0009RKL5S,1.0
A2R6RA8FRBS608,B0009RKL6M,5.0
A2CL818RN52NWN,B0009RMGTC,4.0
A2R6RA8FRBS608,B0009RNYQG,4.0
A2R6RA8FRBS608,B0009RO5VO,5.0
A5JLAU2ARJ0BO,B0009RUWF2,5.0
A5JLAU2ARJ0BO,B0009ST7DY,5.0
A5JLAU2ARJ0BO,B0009U5XN0,5.0
A6FIAB28IS79,B0009U6YQK,5.0
A12DLJESJKM1OQ,B0009V140K,5.0
A3OXHLG6DIBRW8,B0009VT9OI,5.0
A3OXHLG6DIBRW8,B0009VT9OS,5.0
A2CL818RN52NWN,B0009VU04G,4.0
A1FR68QH6Z4YZM,B0009WDM2W,5.0
A11D1KHM7DVOQK,B0009XHPTM,2.0
A6FIAB28IS79,B0009Y7APU,5.0
A1F9Z42CFF9IAY,B0009YBG2S,2.0
AT6CZDCP4TRGA,B000A2JXFQ,3.0
A5JLAU2ARJ0BO,B000A2K3Y6,5.0
A2AEZQ3DGBBLPR,B000A2K3Y6,1.0
A2CL818RN52NWN,B000A3WH3K,4.0
AGXV8E7XK9J6H,B000A3WS16,5.0
A2AEZQ3DGBBLPR,B000A3WS20,5.0
A1F9Z42CFF9IAY,B000A3WS84,4.0
A6FIAB28IS79,B000A5TAT2,4.0
A1JWSDDIH5Z7DV,B000A6TNKC,5.0
A12DLJESJKM1OQ,B000A7B9XK,5.0
AT6CZDCP4TRGA,B000A7NRPI,3.0
AKT8TGIT6VVZ5,B000A7XXUW,5.0
A2B7BUH8834Y6M,B000AA2TE0,5.0
A2CL818RN52NWN,B000AA7MQA,5.0
A203OCQQ12MAVT,B000AAJ2CW,5.0
A2R6RA8FRBS608,B000AAL2TS,1.0
A1FR68QH6Z4YZM,B000AARMF6,5.0
A6FIAB28IS79,B000ABTP8C,5.0
A5JLAU2ARJ0BO,B000ACAWZ6,1.0
A2CL818RN52NWN,B000ACAWZ6,1.0
A5JLAU2ARJ0BO,B000ACHVVE,2.0
AT6CZDCP4TRGA,B000AEFVVE,5.0
A1FR68QH6Z4YZM,B000AFW6RA,4.0
A1FR68QH6Z4YZM,B000AFY48O,5.0
A7Y6AVS576M03,B000AJIF4E,5.0
A6FIAB28IS79,B000AJIF4E,5.0
A1F9Z42CFF9IAY,B000AJIF4E,2.0
A1FR68QH6Z4YZM,B000AL8JKW,5.0
A5JLAU2ARJ0BO,B000ALAFYU,1.0
A149RNR5RH19YY,B000AMLXHW,4.0
A5JLAU2ARJ0BO,B000ANF8GS,3.0
A1MJMYLRTZ76ZX,B000ANRP82,4.0
AT6CZDCP4TRGA,B000AOYWVE,4.0
AT6CZDCP4TRGA,B000AP05BO,1.0
A149RNR5RH19YY,B000ARSLB8,4.0
A6FIAB28IS79,B000ARSLB8,4.0
A203OCQQ12MAVT,B000ASDU7W,2.0
A203OCQQ12MAVT,B000ASGFNI,5.0
A2R6RA8FRBS608,B000ASGFRE,3.0
A5JLAU2ARJ0BO,B000AV14M2,2.0
A12DLJESJKM1OQ,B000AYGDWU,4.0
A6FIAB28IS79,B000AYGDWU,5.0
A149RNR5RH19YY,B000AYJDD6,5.0
A1F9Z42CFF9IAY,B000AYKUUQ,5.0
AGXV8E7XK9J6H,B000AZ57M6,4.0
A1FR68QH6Z4YZM,B000AZ57M6,4.0
A1F9Z42CFF9IAY,B000AZ57M6,4.0
A203OCQQ12MAVT,B000AZJ268,4.0
A3OXHLG6DIBRW8,B000B1H89E,4.0
A3OXHLG6DIBRW8,B000B5H2BE,4.0
A1F9Z42CFF9IAY,B000B60GZ2,5.0
A149RNR5RH19YY,B000B622D6,4.0
AKT8TGIT6VVZ5,B000B68I2K,5.0
A2AY4YUOX2N1BQ,B000B6MLPU,5.0
A203OCQQ12MAVT,B000B7PKKW,5.0
AKT8TGIT6VVZ5,B000B7SGD0,5.0
A5JLAU2ARJ0BO,B000B8UOTS,5.0
A11D1KHM7DVOQK,B000BC8VV2,3.0
A149RNR5RH19YY,B000BCDFLS,4.0
A1F9Z42CFF9IAY,B000BCZ8WM,2.0
AGHZXQL9F94T9,B000BFNT0W,4.0
A2R6RA8FRBS608,B000BFP7ES,4.0
A149RNR5RH19YY,B000BGOWIE,4.0
A149RNR5RH19YY,B000BH0X5O,1.0
A5JLAU2ARJ0BO,B000BHGWZ4,5.0
A5JLAU2ARJ0BO,B000BI2180,1.0
A2CL818RN52NWN,B000BI2180,4.0
A1F9Z42CFF9IAY,B000BJSEQW,1.0
A5JLAU2ARJ0BO,B000BJUP00,4.0
AT6CZDCP4TRGA,B000BKF6TO,3.0
AT6CZDCP4TRGA,B000BKH1ME,3.0
A5JLAU2ARJ0BO,B000BKJZ9Q,2.0
A1FR68QH6Z4YZM,B000BKJZ9Q,4.0
A1MJMYLRTZ76ZX,B000BKJZ9Q,5.0
A6FIAB28IS79,B000BKJZ9Q,5.0
A5JLAU2ARJ0BO,B000BKN2Y0,1.0
A3OXHLG6DIBRW8,B000BKY3Q6,5.0
AT6CZDCP4TRGA,B000BKZCCU,3.0
A7Y6AVS576M03,B000BLHZO2,5.0
A1FR68QH6Z4YZM,B000BM2Q7W,4.0
A5JLAU2ARJ0BO,B000BM6Z60,2.0
A149RNR5RH19YY,B000BMP7IW,4.0
A203OCQQ12MAVT,B000BN94F8,4.0
A2R6RA8FRBS608,B000BN94F8,4.0
AGXV8E7XK9J6H,B000BN9UHU,1.0
A6FIAB28IS79,B000BNJJBW,4.0
A2B7BUH8834Y6M,B000BNP2KE,5.0
A3OXHLG6DIBRW8,B000BNUDXK,5.0
A149RNR5RH19YY,B000BO0SGG,4.0
A5JLAU2ARJ0BO,B000BOPTHO,1.0
A11D1KHM7DVOQK,B000BP50AY,3.0
A203OCQQ12MAVT,B000BP8AMY,1.0
A6FIAB28IS79,B000BPNUCY,5.0
A5JLAU2ARJ0BO,B000BQ57BU,2.0
A6FIAB28IS79,B000BQ57BU,5.0
A7Y6AVS576M03,B000BQ7GW8,5.0
A2B7BUH8834Y6M,B000BQ7GW8,5.0
A3OXHLG6DIBRW8,B000BQVYIA,5.0
A3OXHLG6DIBRW8,B000BSLTIS,4.0
A2R6RA8FRBS608,B000BSLTMY,5.0
A3OXHLG6DIBRW8,B000BSOBG0,4.0
AKT8TGIT6VVZ5,B000BTFZZA,5.0
A149RNR5RH19YY,B000BTL0OA,5.0
A1RPTVW5VEOSI,B000BTPVHW,3.0
A3OXHLG6DIBRW8,B000BTQXUG,4.0
